[2026-02-08T22:39:13.205Z] {"timestamp":1770590351181,"level":"DEBUG","args":["[Manus] Debug collector initialized (no rrweb, UI events only)"],"stack":null}
[2026-02-08T22:39:13.205Z] {"timestamp":1770590351209,"level":"DEBUG","args":["[vite] connected."],"stack":null}
[2026-02-08T22:43:10.874Z] {"timestamp":1770590588859,"level":"DEBUG","args":["[Manus] Debug collector initialized (no rrweb, UI events only)"],"stack":null}
[2026-02-08T22:43:10.874Z] {"timestamp":1770590588868,"level":"DEBUG","args":["[vite] connected."],"stack":null}
[2026-02-08T22:43:27.890Z] {"timestamp":1770590604986,"level":"DEBUG","args":["[Manus] Debug collector initialized (no rrweb, UI events only)"],"stack":null}
[2026-02-08T22:43:27.890Z] {"timestamp":1770590605036,"level":"DEBUG","args":["[vite] connected."],"stack":null}
[2026-02-08T22:43:27.890Z] {"timestamp":1770590605050,"level":"LOG","args":["FBNavResponseStart:1770590604565"],"stack":null}
[2026-02-08T22:43:27.890Z] {"timestamp":1770590605050,"level":"LOG","args":["FBNavResponseEnd:1770590604571"],"stack":null}
[2026-02-08T22:43:27.890Z] {"timestamp":1770590605050,"level":"LOG","args":["FBNavAmpDetect:false"],"stack":null}
[2026-02-08T22:43:27.890Z] {"timestamp":1770590605199,"level":"INFO","args":["%cDownload the React DevTools for a better development experience: https://react.dev/link/react-devtools","font-weight:bold"],"stack":null}
[2026-02-08T22:43:27.890Z] {"timestamp":1770590605241,"level":"LOG","args":["FBNavDomContentLoaded:1770590605241"],"stack":null}
[2026-02-08T22:43:27.890Z] {"timestamp":1770590605242,"level":"LOG","args":["FBNavDomContentLoaded:1770590605241"],"stack":null}
[2026-02-08T22:43:27.890Z] {"timestamp":1770590605247,"level":"LOG","args":["FBNavResponseStart:1770590604565"],"stack":null}
[2026-02-08T22:43:27.890Z] {"timestamp":1770590605247,"level":"LOG","args":["FBNavResponseEnd:1770590604571"],"stack":null}
[2026-02-08T22:43:27.890Z] {"timestamp":1770590605247,"level":"LOG","args":["FBNavDomContentLoaded:1770590605241"],"stack":null}
[2026-02-08T22:43:27.890Z] {"timestamp":1770590605247,"level":"LOG","args":["FBNavAmpDetect:false"],"stack":null}
[2026-02-08T22:43:27.890Z] {"timestamp":1770590605432,"level":"LOG","args":["FBNavMaxLongtaskMs:55"],"stack":null}
[2026-02-08T22:43:27.890Z] {"timestamp":1770590605432,"level":"LOG","args":["FBNavMaxLongtaskMs:111"],"stack":null}
[2026-02-08T22:43:27.890Z] {"timestamp":1770590605462,"level":"LOG","args":["FBNavResponseStart:1770590604565"],"stack":null}
[2026-02-08T22:43:27.890Z] {"timestamp":1770590605462,"level":"LOG","args":["FBNavResponseEnd:1770590604571"],"stack":null}
[2026-02-08T22:43:27.890Z] {"timestamp":1770590605462,"level":"LOG","args":["FBNavDomContentLoaded:1770590605241"],"stack":null}
[2026-02-08T22:43:27.890Z] {"timestamp":1770590605462,"level":"LOG","args":["FBNavAmpDetect:false"],"stack":null}
[2026-02-08T22:43:27.890Z] {"timestamp":1770590605621,"level":"LOG","args":["FBNavResponseStart:1770590604565"],"stack":null}
[2026-02-08T22:43:27.890Z] {"timestamp":1770590605621,"level":"LOG","args":["FBNavResponseEnd:1770590604571"],"stack":null}
[2026-02-08T22:43:27.890Z] {"timestamp":1770590605621,"level":"LOG","args":["FBNavDomContentLoaded:1770590605241"],"stack":null}
[2026-02-08T22:43:27.890Z] {"timestamp":1770590605621,"level":"LOG","args":["FBNavLoadEventEnd:1770590605565"],"stack":null}
[2026-02-08T22:43:27.890Z] {"timestamp":1770590605621,"level":"LOG","args":["FBNavAmpDetect:false"],"stack":null}
[2026-02-08T22:43:27.890Z] {"timestamp":1770590605621,"level":"LOG","args":["FBNavResponseStart:1770590604565"],"stack":null}
[2026-02-08T22:43:27.890Z] {"timestamp":1770590605622,"level":"LOG","args":["FBNavResponseEnd:1770590604571"],"stack":null}
[2026-02-08T22:43:27.890Z] {"timestamp":1770590605622,"level":"LOG","args":["FBNavDomContentLoaded:1770590605241"],"stack":null}
[2026-02-08T22:43:27.890Z] {"timestamp":1770590605622,"level":"LOG","args":["FBNavLoadEventEnd:1770590605565"],"stack":null}
[2026-02-08T22:43:27.890Z] {"timestamp":1770590605622,"level":"LOG","args":["FBNavAmpDetect:false"],"stack":null}
[2026-02-08T22:43:27.890Z] {"timestamp":1770590605770,"level":"LOG","args":["text_and_dom: 2b8d591919cffdcf"],"stack":null}
[2026-02-08T22:43:27.890Z] {"timestamp":1770590605770,"level":"LOG","args":["text_only: 1a8d5119198ce98f"],"stack":null}
[2026-02-08T22:43:27.890Z] {"timestamp":1770590605770,"level":"LOG","args":["dom_only: 6739bb1b9c5fdfc7"],"stack":null}
[2026-02-08T22:43:27.890Z] {"timestamp":1770590605779,"level":"LOG","args":["FBNavFirstContentfulPaint:1770590605575"],"stack":null}
[2026-02-08T22:43:27.890Z] {"timestamp":1770590605779,"level":"LOG","args":["FBNavFirstContentfulPaint:1770590605575"],"stack":null}
[2026-02-08T22:43:27.890Z] {"timestamp":1770590605779,"level":"LOG","args":["FBNavMaxLongtaskMs:146"],"stack":null}
[2026-02-08T22:43:27.890Z] {"timestamp":1770590605779,"level":"LOG","args":["FBNavFirstContentfulPaint:1770590605575"],"stack":null}
[2026-02-08T22:43:27.890Z] {"timestamp":1770590605779,"level":"LOG","args":["FBNavFirstContentfulPaint:1770590605575"],"stack":null}
[2026-02-08T22:43:27.890Z] {"timestamp":1770590605779,"level":"LOG","args":["FBNavFirstContentfulPaint:1770590605575"],"stack":null}
[2026-02-08T22:43:27.890Z] {"timestamp":1770590605779,"level":"LOG","args":["FBNavFirstContentfulPaint:1770590605575"],"stack":null}
[2026-02-08T22:43:27.890Z] {"timestamp":1770590605783,"level":"LOG","args":["FBNavLargestContentfulPaint:1770590605635"],"stack":null}
[2026-02-08T22:43:27.890Z] {"timestamp":1770590605783,"level":"LOG","args":["FBNavLargestContentfulPaint:1770590605635"],"stack":null}
[2026-02-08T22:43:27.890Z] {"timestamp":1770590605783,"level":"LOG","args":["FBNavLargestContentfulPaint:1770590605635"],"stack":null}
[2026-02-08T22:43:27.890Z] {"timestamp":1770590605783,"level":"LOG","args":["FBNavLargestContentfulPaint:1770590605635"],"stack":null}
[2026-02-08T22:43:27.890Z] {"timestamp":1770590605783,"level":"LOG","args":["FBNavLargestContentfulPaint:1770590605635"],"stack":null}
[2026-02-08T22:43:27.890Z] {"timestamp":1770590605783,"level":"LOG","args":["FBNavLargestContentfulPaint:1770590605635"],"stack":null}
[2026-02-08T22:43:27.890Z] {"timestamp":1770590606338,"level":"LOG","args":["FBNavINP:48"],"stack":null}
[2026-02-08T22:43:27.890Z] {"timestamp":1770590606374,"level":"LOG","args":["FBNavINP:72"],"stack":null}
[2026-02-08T22:43:41.892Z] {"timestamp":1770590619996,"level":"LOG","args":["FBNavResponseStart:1770590604565"],"stack":null}
[2026-02-08T22:43:41.893Z] {"timestamp":1770590619996,"level":"LOG","args":["FBNavResponseEnd:1770590604571"],"stack":null}
[2026-02-08T22:43:41.893Z] {"timestamp":1770590619996,"level":"LOG","args":["FBNavDomContentLoaded:1770590605241"],"stack":null}
[2026-02-08T22:43:41.893Z] {"timestamp":1770590619997,"level":"LOG","args":["FBNavLoadEventEnd:1770590605565"],"stack":null}
[2026-02-08T22:43:41.893Z] {"timestamp":1770590619997,"level":"LOG","args":["FBNavAmpDetect:false"],"stack":null}
[2026-02-08T22:43:41.893Z] {"timestamp":1770590620002,"level":"LOG","args":["FBNavFirstContentfulPaint:1770590605575"],"stack":null}
[2026-02-08T22:43:41.893Z] {"timestamp":1770590620003,"level":"LOG","args":["FBNavLargestContentfulPaint:1770590605635"],"stack":null}
[2026-02-08T22:43:46.990Z] {"timestamp":1770590624079,"level":"DEBUG","args":["[Manus] Debug collector initialized (no rrweb, UI events only)"],"stack":null}
[2026-02-08T22:43:46.990Z] {"timestamp":1770590624117,"level":"DEBUG","args":["[vite] connected."],"stack":null}
[2026-02-08T22:43:46.990Z] {"timestamp":1770590624267,"level":"INFO","args":["%cDownload the React DevTools for a better development experience: https://react.dev/link/react-devtools","font-weight:bold"],"stack":null}
[2026-02-08T22:43:46.990Z] {"timestamp":1770590624300,"level":"LOG","args":["FBNavDomContentLoaded:1770590624300"],"stack":null}
[2026-02-08T22:43:46.990Z] {"timestamp":1770590624305,"level":"LOG","args":["FBNavResponseStart:1770590623932"],"stack":null}
[2026-02-08T22:43:46.990Z] {"timestamp":1770590624305,"level":"LOG","args":["FBNavResponseEnd:1770590623941"],"stack":null}
[2026-02-08T22:43:46.990Z] {"timestamp":1770590624305,"level":"LOG","args":["FBNavDomContentLoaded:1770590624300"],"stack":null}
[2026-02-08T22:43:46.990Z] {"timestamp":1770590624305,"level":"LOG","args":["FBNavAmpDetect:false"],"stack":null}
[2026-02-08T22:43:46.990Z] {"timestamp":1770590624469,"level":"LOG","args":["FBNavResponseStart:1770590623932"],"stack":null}
[2026-02-08T22:43:46.990Z] {"timestamp":1770590624469,"level":"LOG","args":["FBNavResponseEnd:1770590623941"],"stack":null}
[2026-02-08T22:43:46.990Z] {"timestamp":1770590624470,"level":"LOG","args":["FBNavDomContentLoaded:1770590624300"],"stack":null}
[2026-02-08T22:43:46.990Z] {"timestamp":1770590624470,"level":"LOG","args":["FBNavAmpDetect:false"],"stack":null}
[2026-02-08T22:43:46.990Z] {"timestamp":1770590624538,"level":"LOG","args":["FBNavResponseStart:1770590623932"],"stack":null}
[2026-02-08T22:43:46.990Z] {"timestamp":1770590624538,"level":"LOG","args":["FBNavResponseEnd:1770590623941"],"stack":null}
[2026-02-08T22:43:46.990Z] {"timestamp":1770590624538,"level":"LOG","args":["FBNavDomContentLoaded:1770590624300"],"stack":null}
[2026-02-08T22:43:46.990Z] {"timestamp":1770590624538,"level":"LOG","args":["FBNavAmpDetect:false"],"stack":null}
[2026-02-08T22:43:46.990Z] {"timestamp":1770590624539,"level":"LOG","args":["FBNavFirstContentfulPaint:1770590624515"],"stack":null}
[2026-02-08T22:43:46.990Z] {"timestamp":1770590624539,"level":"LOG","args":["FBNavFirstContentfulPaint:1770590624515"],"stack":null}
[2026-02-08T22:43:46.990Z] {"timestamp":1770590624539,"level":"LOG","args":["FBNavFirstContentfulPaint:1770590624515"],"stack":null}
[2026-02-08T22:43:46.990Z] {"timestamp":1770590624539,"level":"LOG","args":["FBNavLargestContentfulPaint:1770590624515"],"stack":null}
[2026-02-08T22:43:46.990Z] {"timestamp":1770590624539,"level":"LOG","args":["FBNavLargestContentfulPaint:1770590624515"],"stack":null}
[2026-02-08T22:43:46.990Z] {"timestamp":1770590624539,"level":"LOG","args":["FBNavLargestContentfulPaint:1770590624515"],"stack":null}
[2026-02-08T22:43:46.990Z] {"timestamp":1770590624539,"level":"LOG","args":["FBNavFirstContentfulPaint:1770590624515"],"stack":null}
[2026-02-08T22:43:46.990Z] {"timestamp":1770590624539,"level":"LOG","args":["FBNavLargestContentfulPaint:1770590624515"],"stack":null}
[2026-02-08T22:43:46.990Z] {"timestamp":1770590624561,"level":"LOG","args":["FBNavLargestContentfulPaint:1770590624559"],"stack":null}
[2026-02-08T22:43:46.990Z] {"timestamp":1770590624561,"level":"LOG","args":["FBNavLargestContentfulPaint:1770590624559"],"stack":null}
[2026-02-08T22:43:46.990Z] {"timestamp":1770590624561,"level":"LOG","args":["FBNavLargestContentfulPaint:1770590624559"],"stack":null}
[2026-02-08T22:43:46.990Z] {"timestamp":1770590624561,"level":"LOG","args":["FBNavLargestContentfulPaint:1770590624559"],"stack":null}
[2026-02-08T22:43:46.990Z] {"timestamp":1770590625019,"level":"LOG","args":["FBNavResponseStart:1770590623932"],"stack":null}
[2026-02-08T22:43:46.990Z] {"timestamp":1770590625020,"level":"LOG","args":["FBNavResponseEnd:1770590623941"],"stack":null}
[2026-02-08T22:43:46.990Z] {"timestamp":1770590625020,"level":"LOG","args":["FBNavDomContentLoaded:1770590624300"],"stack":null}
[2026-02-08T22:43:46.990Z] {"timestamp":1770590625020,"level":"LOG","args":["FBNavLoadEventEnd:1770590624986"],"stack":null}
[2026-02-08T22:43:46.990Z] {"timestamp":1770590625020,"level":"LOG","args":["FBNavAmpDetect:false"],"stack":null}
[2026-02-08T22:43:46.990Z] {"timestamp":1770590625042,"level":"LOG","args":["FBNavFirstContentfulPaint:1770590624515"],"stack":null}
[2026-02-08T22:43:46.990Z] {"timestamp":1770590625042,"level":"LOG","args":["FBNavLargestContentfulPaint:1770590624515"],"stack":null}
[2026-02-08T22:43:46.990Z] {"timestamp":1770590625042,"level":"LOG","args":["FBNavLargestContentfulPaint:1770590624559"],"stack":null}
[2026-02-08T22:43:48.991Z] {"timestamp":1770590626517,"level":"LOG","args":["FBNavINP:136"],"stack":null}
[2026-02-08T22:43:48.991Z] {"timestamp":1770590627771,"level":"LOG","args":["FBNavResponseStart:1770590623932"],"stack":null}
[2026-02-08T22:43:48.991Z] {"timestamp":1770590627771,"level":"LOG","args":["FBNavResponseEnd:1770590623941"],"stack":null}
[2026-02-08T22:43:48.991Z] {"timestamp":1770590627771,"level":"LOG","args":["FBNavDomContentLoaded:1770590624300"],"stack":null}
[2026-02-08T22:43:48.991Z] {"timestamp":1770590627771,"level":"LOG","args":["FBNavLoadEventEnd:1770590624986"],"stack":null}
[2026-02-08T22:43:48.991Z] {"timestamp":1770590627771,"level":"LOG","args":["FBNavAmpDetect:false"],"stack":null}
[2026-02-08T22:43:48.991Z] {"timestamp":1770590627773,"level":"LOG","args":["FBNavResponseStart:1770590623932"],"stack":null}
[2026-02-08T22:43:48.991Z] {"timestamp":1770590627774,"level":"LOG","args":["FBNavResponseEnd:1770590623941"],"stack":null}
[2026-02-08T22:43:48.991Z] {"timestamp":1770590627774,"level":"LOG","args":["FBNavDomContentLoaded:1770590624300"],"stack":null}
[2026-02-08T22:43:48.991Z] {"timestamp":1770590627774,"level":"LOG","args":["FBNavLoadEventEnd:1770590624986"],"stack":null}
[2026-02-08T22:43:48.991Z] {"timestamp":1770590627774,"level":"LOG","args":["FBNavAmpDetect:false"],"stack":null}
[2026-02-08T22:43:48.991Z] {"timestamp":1770590627785,"level":"LOG","args":["FBNavFirstContentfulPaint:1770590624515"],"stack":null}
[2026-02-08T22:43:48.991Z] {"timestamp":1770590627786,"level":"LOG","args":["FBNavLargestContentfulPaint:1770590624515"],"stack":null}
[2026-02-08T22:43:48.991Z] {"timestamp":1770590627786,"level":"LOG","args":["FBNavLargestContentfulPaint:1770590624559"],"stack":null}
[2026-02-08T22:43:48.991Z] {"timestamp":1770590627787,"level":"LOG","args":["FBNavResponseStart:1770590623932"],"stack":null}
[2026-02-08T22:43:48.991Z] {"timestamp":1770590627787,"level":"LOG","args":["FBNavResponseEnd:1770590623941"],"stack":null}
[2026-02-08T22:43:48.991Z] {"timestamp":1770590627787,"level":"LOG","args":["FBNavDomContentLoaded:1770590624300"],"stack":null}
[2026-02-08T22:43:48.991Z] {"timestamp":1770590627787,"level":"LOG","args":["FBNavLoadEventEnd:1770590624986"],"stack":null}
[2026-02-08T22:43:48.991Z] {"timestamp":1770590627787,"level":"LOG","args":["FBNavAmpDetect:false"],"stack":null}
[2026-02-08T22:43:48.991Z] {"timestamp":1770590627788,"level":"LOG","args":["FBNavFirstContentfulPaint:1770590624515"],"stack":null}
[2026-02-08T22:43:48.991Z] {"timestamp":1770590627789,"level":"LOG","args":["FBNavLargestContentfulPaint:1770590624515"],"stack":null}
[2026-02-08T22:43:48.991Z] {"timestamp":1770590627789,"level":"LOG","args":["FBNavLargestContentfulPaint:1770590624559"],"stack":null}
[2026-02-08T22:43:48.991Z] {"timestamp":1770590627789,"level":"LOG","args":["FBNavFirstContentfulPaint:1770590624515"],"stack":null}
[2026-02-08T22:43:48.991Z] {"timestamp":1770590627789,"level":"LOG","args":["FBNavLargestContentfulPaint:1770590624515"],"stack":null}
[2026-02-08T22:43:48.991Z] {"timestamp":1770590627789,"level":"LOG","args":["FBNavLargestContentfulPaint:1770590624559"],"stack":null}
[2026-02-08T22:47:26.230Z] {"timestamp":1770590798029,"level":"LOG","args":["[vite] server connection lost. Polling for restart..."],"stack":null}
[2026-02-08T22:47:31.989Z] {"timestamp":1770590848699,"level":"DEBUG","args":["[Manus] Debug collector initialized (no rrweb, UI events only)"],"stack":null}
[2026-02-08T22:47:31.989Z] {"timestamp":1770590848716,"level":"DEBUG","args":["[vite] connected."],"stack":null}
[2026-02-08T22:47:31.989Z] {"timestamp":1770590848997,"level":"INFO","args":["%cDownload the React DevTools for a better development experience: https://react.dev/link/react-devtools","font-weight:bold"],"stack":null}
[2026-02-08T22:47:31.989Z] {"timestamp":1770590849141,"level":"LOG","args":["FBNavDomContentLoaded:1770590849141"],"stack":null}
[2026-02-08T22:47:31.989Z] {"timestamp":1770590849153,"level":"LOG","args":["FBNavResponseStart:1770590848328"],"stack":null}
[2026-02-08T22:47:31.989Z] {"timestamp":1770590849154,"level":"LOG","args":["FBNavResponseEnd:1770590848333"],"stack":null}
[2026-02-08T22:47:31.989Z] {"timestamp":1770590849154,"level":"LOG","args":["FBNavDomContentLoaded:1770590849141"],"stack":null}
[2026-02-08T22:47:31.989Z] {"timestamp":1770590849154,"level":"LOG","args":["FBNavAmpDetect:false"],"stack":null}
[2026-02-08T22:47:31.989Z] {"timestamp":1770590849155,"level":"LOG","args":["FBNavResponseStart:1770590848328"],"stack":null}
[2026-02-08T22:47:31.989Z] {"timestamp":1770590849155,"level":"LOG","args":["FBNavResponseEnd:1770590848333"],"stack":null}
[2026-02-08T22:47:31.989Z] {"timestamp":1770590849155,"level":"LOG","args":["FBNavDomContentLoaded:1770590849141"],"stack":null}
[2026-02-08T22:47:31.989Z] {"timestamp":1770590849155,"level":"LOG","args":["FBNavAmpDetect:false"],"stack":null}
[2026-02-08T22:47:31.989Z] {"timestamp":1770590849577,"level":"LOG","args":["FBNavResponseStart:1770590848328"],"stack":null}
[2026-02-08T22:47:31.989Z] {"timestamp":1770590849577,"level":"LOG","args":["FBNavResponseEnd:1770590848333"],"stack":null}
[2026-02-08T22:47:31.989Z] {"timestamp":1770590849577,"level":"LOG","args":["FBNavDomContentLoaded:1770590849141"],"stack":null}
[2026-02-08T22:47:31.989Z] {"timestamp":1770590849577,"level":"LOG","args":["FBNavLoadEventEnd:1770590849156"],"stack":null}
[2026-02-08T22:47:31.989Z] {"timestamp":1770590849577,"level":"LOG","args":["FBNavAmpDetect:false"],"stack":null}
[2026-02-08T22:47:31.989Z] {"timestamp":1770590849578,"level":"LOG","args":["FBNavResponseStart:1770590848328"],"stack":null}
[2026-02-08T22:47:31.989Z] {"timestamp":1770590849578,"level":"LOG","args":["FBNavResponseEnd:1770590848333"],"stack":null}
[2026-02-08T22:47:31.989Z] {"timestamp":1770590849578,"level":"LOG","args":["FBNavDomContentLoaded:1770590849141"],"stack":null}
[2026-02-08T22:47:31.989Z] {"timestamp":1770590849578,"level":"LOG","args":["FBNavLoadEventEnd:1770590849156"],"stack":null}
[2026-02-08T22:47:31.989Z] {"timestamp":1770590849578,"level":"LOG","args":["FBNavAmpDetect:false"],"stack":null}
[2026-02-08T22:47:32.457Z] {"timestamp":1770590852147,"level":"DEBUG","args":["[Manus] Debug collector initialized (no rrweb, UI events only)"],"stack":null}
[2026-02-08T22:47:32.457Z] {"timestamp":1770590852154,"level":"DEBUG","args":["[vite] connected."],"stack":null}
[2026-02-08T22:47:32.624Z] {"timestamp":1770590852504,"level":"DEBUG","args":["[Manus] Debug collector initialized (no rrweb, UI events only)"],"stack":null}
[2026-02-08T22:47:32.624Z] {"timestamp":1770590852510,"level":"DEBUG","args":["[vite] connected."],"stack":null}
[2026-02-08T22:47:34.668Z] {"timestamp":1770590852665,"level":"DEBUG","args":["[Manus] Debug collector initialized (no rrweb, UI events only)"],"stack":null}
[2026-02-08T22:47:34.668Z] {"timestamp":1770590852671,"level":"DEBUG","args":["[vite] connected."],"stack":null}
[2026-02-08T22:47:40.336Z] {"timestamp":1770590858325,"level":"DEBUG","args":["[Manus] Debug collector initialized (no rrweb, UI events only)"],"stack":null}
[2026-02-08T22:47:40.336Z] {"timestamp":1770590858330,"level":"DEBUG","args":["[vite] connected."],"stack":null}
[2026-02-08T22:49:01.130Z] {"timestamp":1770590940124,"level":"DEBUG","args":["[Manus] Debug collector initialized (no rrweb, UI events only)"],"stack":null}
[2026-02-08T22:49:01.130Z] {"timestamp":1770590940129,"level":"DEBUG","args":["[vite] connected."],"stack":null}
[2026-02-08T22:50:51.152Z] {"timestamp":1770591049151,"level":"DEBUG","args":["[Manus] Debug collector initialized (no rrweb, UI events only)"],"stack":null}
[2026-02-08T22:50:51.152Z] {"timestamp":1770591049155,"level":"DEBUG","args":["[vite] connected."],"stack":null}
[2026-02-08T23:02:35.942Z] {"timestamp":1770591753928,"level":"DEBUG","args":["[Manus] Debug collector initialized (no rrweb, UI events only)"],"stack":null}
[2026-02-08T23:02:35.942Z] {"timestamp":1770591753965,"level":"DEBUG","args":["[vite] connected."],"stack":null}
[2026-02-08T23:02:41.662Z] {"timestamp":1770591759643,"level":"DEBUG","args":["[Manus] Debug collector initialized (no rrweb, UI events only)"],"stack":null}
[2026-02-08T23:02:41.662Z] {"timestamp":1770591759649,"level":"DEBUG","args":["[vite] connected."],"stack":null}
[2026-02-08T23:04:14.328Z] {"timestamp":1770591852116,"level":"DEBUG","args":["[Manus] Debug collector initialized (no rrweb, UI events only)"],"stack":null}
[2026-02-08T23:04:14.328Z] {"timestamp":1770591852120,"level":"DEBUG","args":["[vite] connected."],"stack":null}
[2026-02-08T23:04:14.330Z] {"timestamp":1770591852154,"level":"DEBUG","args":["[Manus] Debug collector initialized (no rrweb, UI events only)"],"stack":null}
[2026-02-08T23:04:14.330Z] {"timestamp":1770591852157,"level":"DEBUG","args":["[vite] connected."],"stack":null}
[2026-02-08T23:04:15.858Z] {"timestamp":1770591854434,"level":"DEBUG","args":["[Manus] Debug collector initialized (no rrweb, UI events only)"],"stack":null}
[2026-02-08T23:04:15.858Z] {"timestamp":1770591854438,"level":"DEBUG","args":["[vite] connected."],"stack":null}
[2026-02-08T23:04:15.859Z] {"timestamp":1770591854433,"level":"DEBUG","args":["[Manus] Debug collector initialized (no rrweb, UI events only)"],"stack":null}
[2026-02-08T23:04:15.859Z] {"timestamp":1770591854438,"level":"DEBUG","args":["[vite] connected."],"stack":null}
[2026-02-08T23:04:18.493Z] {"timestamp":1770591855958,"level":"DEBUG","args":["[Manus] Debug collector initialized (no rrweb, UI events only)"],"stack":null}
[2026-02-08T23:04:18.493Z] {"timestamp":1770591855965,"level":"DEBUG","args":["[vite] connected."],"stack":null}
[2026-02-08T23:04:18.494Z] {"timestamp":1770591855969,"level":"DEBUG","args":["[Manus] Debug collector initialized (no rrweb, UI events only)"],"stack":null}
[2026-02-08T23:04:18.494Z] {"timestamp":1770591855974,"level":"DEBUG","args":["[vite] connected."],"stack":null}
[2026-02-08T23:04:20.587Z] {"timestamp":1770591858581,"level":"DEBUG","args":["[Manus] Debug collector initialized (no rrweb, UI events only)"],"stack":null}
[2026-02-08T23:04:20.587Z] {"timestamp":1770591858585,"level":"DEBUG","args":["[vite] connected."],"stack":null}
[2026-02-08T23:04:20.589Z] {"timestamp":1770591858583,"level":"DEBUG","args":["[Manus] Debug collector initialized (no rrweb, UI events only)"],"stack":null}
[2026-02-08T23:04:20.589Z] {"timestamp":1770591858586,"level":"DEBUG","args":["[vite] connected."],"stack":null}
[2026-02-08T23:04:22.694Z] {"timestamp":1770591860687,"level":"DEBUG","args":["[Manus] Debug collector initialized (no rrweb, UI events only)"],"stack":null}
[2026-02-08T23:04:22.694Z] {"timestamp":1770591860692,"level":"DEBUG","args":["[vite] connected."],"stack":null}
[2026-02-08T23:04:22.695Z] {"timestamp":1770591860685,"level":"DEBUG","args":["[Manus] Debug collector initialized (no rrweb, UI events only)"],"stack":null}
[2026-02-08T23:04:22.695Z] {"timestamp":1770591860691,"level":"DEBUG","args":["[vite] connected."],"stack":null}
[2026-02-08T23:06:53.700Z] {"timestamp":1770592011370,"level":"DEBUG","args":["[Manus] Debug collector initialized (no rrweb, UI events only)"],"stack":null}
[2026-02-08T23:06:53.700Z] {"timestamp":1770592011373,"level":"DEBUG","args":["[vite] connected."],"stack":null}
[2026-02-08T23:06:53.702Z] {"timestamp":1770592011359,"level":"DEBUG","args":["[Manus] Debug collector initialized (no rrweb, UI events only)"],"stack":null}
[2026-02-08T23:06:53.702Z] {"timestamp":1770592011363,"level":"DEBUG","args":["[vite] connected."],"stack":null}
[2026-02-08T23:07:02.399Z] {"timestamp":1770592019943,"level":"DEBUG","args":["[Manus] Debug collector initialized (no rrweb, UI events only)"],"stack":null}
[2026-02-08T23:07:02.399Z] {"timestamp":1770592019958,"level":"DEBUG","args":["[vite] connected."],"stack":null}
[2026-02-08T23:07:02.693Z] {"timestamp":1770592019943,"level":"DEBUG","args":["[Manus] Debug collector initialized (no rrweb, UI events only)"],"stack":null}
[2026-02-08T23:07:02.693Z] {"timestamp":1770592019958,"level":"DEBUG","args":["[vite] connected."],"stack":null}
[2026-02-08T23:07:04.333Z] {"timestamp":1770592023361,"level":"DEBUG","args":["[Manus] Debug collector initialized (no rrweb, UI events only)"],"stack":null}
[2026-02-08T23:07:04.333Z] {"timestamp":1770592023364,"level":"DEBUG","args":["[vite] connected."],"stack":null}
[2026-02-08T23:07:04.612Z] {"timestamp":1770592024373,"level":"DEBUG","args":["[Manus] Debug collector initialized (no rrweb, UI events only)"],"stack":null}
[2026-02-08T23:07:04.612Z] {"timestamp":1770592024376,"level":"DEBUG","args":["[vite] connected."],"stack":null}
[2026-02-08T23:07:04.813Z] {"timestamp":1770592024648,"level":"DEBUG","args":["[Manus] Debug collector initialized (no rrweb, UI events only)"],"stack":null}
[2026-02-08T23:07:04.813Z] {"timestamp":1770592024650,"level":"DEBUG","args":["[vite] connected."],"stack":null}
[2026-02-08T23:07:04.996Z] {"timestamp":1770592024847,"level":"DEBUG","args":["[Manus] Debug collector initialized (no rrweb, UI events only)"],"stack":null}
[2026-02-08T23:07:04.996Z] {"timestamp":1770592024850,"level":"DEBUG","args":["[vite] connected."],"stack":null}
[2026-02-08T23:07:05.178Z] {"timestamp":1770592025035,"level":"DEBUG","args":["[Manus] Debug collector initialized (no rrweb, UI events only)"],"stack":null}
[2026-02-08T23:07:05.178Z] {"timestamp":1770592025038,"level":"DEBUG","args":["[vite] connected."],"stack":null}
[2026-02-08T23:07:05.646Z] {"timestamp":1770592025218,"level":"DEBUG","args":["[Manus] Debug collector initialized (no rrweb, UI events only)"],"stack":null}
[2026-02-08T23:07:05.646Z] {"timestamp":1770592025221,"level":"DEBUG","args":["[vite] connected."],"stack":null}
[2026-02-08T23:07:05.846Z] {"timestamp":1770592025678,"level":"DEBUG","args":["[Manus] Debug collector initialized (no rrweb, UI events only)"],"stack":null}
[2026-02-08T23:07:05.846Z] {"timestamp":1770592025681,"level":"DEBUG","args":["[vite] connected."],"stack":null}
[2026-02-08T23:07:06.055Z] {"timestamp":1770592025884,"level":"DEBUG","args":["[Manus] Debug collector initialized (no rrweb, UI events only)"],"stack":null}
[2026-02-08T23:07:06.055Z] {"timestamp":1770592025887,"level":"DEBUG","args":["[vite] connected."],"stack":null}
[2026-02-08T23:07:06.322Z] {"timestamp":1770592026092,"level":"DEBUG","args":["[Manus] Debug collector initialized (no rrweb, UI events only)"],"stack":null}
[2026-02-08T23:07:06.322Z] {"timestamp":1770592026095,"level":"DEBUG","args":["[vite] connected."],"stack":null}
[2026-02-08T23:07:08.693Z] {"timestamp":1770592026359,"level":"DEBUG","args":["[Manus] Debug collector initialized (no rrweb, UI events only)"],"stack":null}
[2026-02-08T23:07:08.693Z] {"timestamp":1770592026363,"level":"DEBUG","args":["[vite] connected."],"stack":null}
[2026-02-08T23:08:09.257Z] {"timestamp":1770592087719,"level":"DEBUG","args":["[Manus] Debug collector initialized (no rrweb, UI events only)"],"stack":null}
[2026-02-08T23:08:09.257Z] {"timestamp":1770592087724,"level":"DEBUG","args":["[vite] connected."],"stack":null}
[2026-02-08T23:08:09.283Z] {"timestamp":1770592087726,"level":"DEBUG","args":["[Manus] Debug collector initialized (no rrweb, UI events only)"],"stack":null}
[2026-02-08T23:08:09.283Z] {"timestamp":1770592087732,"level":"DEBUG","args":["[vite] connected."],"stack":null}
[2026-02-08T23:08:11.695Z] {"timestamp":1770592089404,"level":"DEBUG","args":["[Manus] Debug collector initialized (no rrweb, UI events only)"],"stack":null}
[2026-02-08T23:08:11.695Z] {"timestamp":1770592089409,"level":"DEBUG","args":["[vite] connected."],"stack":null}
[2026-02-08T23:08:11.696Z] {"timestamp":1770592089403,"level":"DEBUG","args":["[Manus] Debug collector initialized (no rrweb, UI events only)"],"stack":null}
[2026-02-08T23:08:11.696Z] {"timestamp":1770592089408,"level":"DEBUG","args":["[vite] connected."],"stack":null}
[2026-02-08T23:08:17.749Z] {"timestamp":1770592096708,"level":"DEBUG","args":["[Manus] Debug collector initialized (no rrweb, UI events only)"],"stack":null}
[2026-02-08T23:08:17.749Z] {"timestamp":1770592096713,"level":"DEBUG","args":["[vite] connected."],"stack":null}
[2026-02-08T23:08:20.692Z] {"timestamp":1770592097789,"level":"DEBUG","args":["[Manus] Debug collector initialized (no rrweb, UI events only)"],"stack":null}
[2026-02-08T23:08:20.692Z] {"timestamp":1770592097792,"level":"DEBUG","args":["[vite] connected."],"stack":null}
[2026-02-08T23:08:51.624Z] {"timestamp":1770592131007,"level":"DEBUG","args":["[Manus] Debug collector initialized (no rrweb, UI events only)"],"stack":null}
[2026-02-08T23:08:51.624Z] {"timestamp":1770592131021,"level":"DEBUG","args":["[vite] connected."],"stack":null}
[2026-02-08T23:08:52.680Z] {"timestamp":1770592131659,"level":"DEBUG","args":["[Manus] Debug collector initialized (no rrweb, UI events only)"],"stack":null}
[2026-02-08T23:08:52.680Z] {"timestamp":1770592131663,"level":"DEBUG","args":["[vite] connected."],"stack":null}
[2026-02-08T23:08:55.399Z] {"timestamp":1770592134814,"level":"DEBUG","args":["[Manus] Debug collector initialized (no rrweb, UI events only)"],"stack":null}
[2026-02-08T23:08:55.399Z] {"timestamp":1770592134819,"level":"DEBUG","args":["[vite] connected."],"stack":null}
[2026-02-08T23:08:55.692Z] {"timestamp":1770592132720,"level":"DEBUG","args":["[Manus] Debug collector initialized (no rrweb, UI events only)"],"stack":null}
[2026-02-08T23:08:55.692Z] {"timestamp":1770592132723,"level":"DEBUG","args":["[vite] connected."],"stack":null}
[2026-02-08T23:08:55.807Z] {"timestamp":1770592135436,"level":"DEBUG","args":["[Manus] Debug collector initialized (no rrweb, UI events only)"],"stack":null}
[2026-02-08T23:08:55.807Z] {"timestamp":1770592135441,"level":"DEBUG","args":["[vite] connected."],"stack":null}
[2026-02-08T23:08:58.694Z] {"timestamp":1770592135846,"level":"DEBUG","args":["[Manus] Debug collector initialized (no rrweb, UI events only)"],"stack":null}
[2026-02-08T23:08:58.694Z] {"timestamp":1770592135850,"level":"DEBUG","args":["[vite] connected."],"stack":null}
[2026-02-08T23:09:31.631Z] {"timestamp":1770592170465,"level":"DEBUG","args":["[Manus] Debug collector initialized (no rrweb, UI events only)"],"stack":null}
[2026-02-08T23:09:31.631Z] {"timestamp":1770592170470,"level":"DEBUG","args":["[vite] connected."],"stack":null}
[2026-02-08T23:09:31.632Z] {"timestamp":1770592170465,"level":"DEBUG","args":["[Manus] Debug collector initialized (no rrweb, UI events only)"],"stack":null}
[2026-02-08T23:09:31.632Z] {"timestamp":1770592170470,"level":"DEBUG","args":["[vite] connected."],"stack":null}
[2026-02-08T23:09:34.692Z] {"timestamp":1770592171757,"level":"DEBUG","args":["[Manus] Debug collector initialized (no rrweb, UI events only)"],"stack":null}
[2026-02-08T23:09:34.692Z] {"timestamp":1770592171759,"level":"DEBUG","args":["[vite] connected."],"stack":null}
[2026-02-08T23:09:34.693Z] {"timestamp":1770592171751,"level":"DEBUG","args":["[Manus] Debug collector initialized (no rrweb, UI events only)"],"stack":null}
[2026-02-08T23:09:34.693Z] {"timestamp":1770592171756,"level":"DEBUG","args":["[vite] connected."],"stack":null}
[2026-02-08T23:09:39.950Z] {"timestamp":1770592177753,"level":"DEBUG","args":["[Manus] Debug collector initialized (no rrweb, UI events only)"],"stack":null}
[2026-02-08T23:09:39.950Z] {"timestamp":1770592177756,"level":"DEBUG","args":["[vite] connected."],"stack":null}
[2026-02-08T23:09:40.705Z] {"timestamp":1770592177746,"level":"DEBUG","args":["[Manus] Debug collector initialized (no rrweb, UI events only)"],"stack":null}
[2026-02-08T23:09:40.705Z] {"timestamp":1770592177748,"level":"DEBUG","args":["[vite] connected."],"stack":null}
[2026-02-08T23:09:41.823Z] {"timestamp":1770592181044,"level":"DEBUG","args":["[Manus] Debug collector initialized (no rrweb, UI events only)"],"stack":null}
[2026-02-08T23:09:41.823Z] {"timestamp":1770592181047,"level":"DEBUG","args":["[vite] connected."],"stack":null}
[2026-02-08T23:09:42.183Z] {"timestamp":1770592181859,"level":"DEBUG","args":["[Manus] Debug collector initialized (no rrweb, UI events only)"],"stack":null}
[2026-02-08T23:09:42.183Z] {"timestamp":1770592181862,"level":"DEBUG","args":["[vite] connected."],"stack":null}
[2026-02-08T23:09:42.381Z] {"timestamp":1770592182219,"level":"DEBUG","args":["[Manus] Debug collector initialized (no rrweb, UI events only)"],"stack":null}
[2026-02-08T23:09:42.381Z] {"timestamp":1770592182222,"level":"DEBUG","args":["[vite] connected."],"stack":null}
[2026-02-08T23:09:42.577Z] {"timestamp":1770592182417,"level":"DEBUG","args":["[Manus] Debug collector initialized (no rrweb, UI events only)"],"stack":null}
[2026-02-08T23:09:42.577Z] {"timestamp":1770592182420,"level":"DEBUG","args":["[vite] connected."],"stack":null}
[2026-02-08T23:09:42.809Z] {"timestamp":1770592182610,"level":"DEBUG","args":["[Manus] Debug collector initialized (no rrweb, UI events only)"],"stack":null}
[2026-02-08T23:09:42.809Z] {"timestamp":1770592182613,"level":"DEBUG","args":["[vite] connected."],"stack":null}
[2026-02-08T23:09:44.783Z] {"timestamp":1770592184581,"level":"DEBUG","args":["[Manus] Debug collector initialized (no rrweb, UI events only)"],"stack":null}
[2026-02-08T23:09:44.783Z] {"timestamp":1770592184585,"level":"DEBUG","args":["[vite] connected."],"stack":null}
[2026-02-08T23:09:44.965Z] {"timestamp":1770592184819,"level":"DEBUG","args":["[Manus] Debug collector initialized (no rrweb, UI events only)"],"stack":null}
[2026-02-08T23:09:44.965Z] {"timestamp":1770592184822,"level":"DEBUG","args":["[vite] connected."],"stack":null}
[2026-02-08T23:09:45.191Z] {"timestamp":1770592185001,"level":"DEBUG","args":["[Manus] Debug collector initialized (no rrweb, UI events only)"],"stack":null}
[2026-02-08T23:09:45.191Z] {"timestamp":1770592185005,"level":"DEBUG","args":["[vite] connected."],"stack":null}
[2026-02-08T23:09:45.694Z] {"timestamp":1770592182844,"level":"DEBUG","args":["[Manus] Debug collector initialized (no rrweb, UI events only)"],"stack":null}
[2026-02-08T23:09:45.694Z] {"timestamp":1770592182846,"level":"DEBUG","args":["[vite] connected."],"stack":null}
[2026-02-08T23:09:47.695Z] {"timestamp":1770592185228,"level":"DEBUG","args":["[Manus] Debug collector initialized (no rrweb, UI events only)"],"stack":null}
[2026-02-08T23:09:47.695Z] {"timestamp":1770592185231,"level":"DEBUG","args":["[vite] connected."],"stack":null}
[2026-02-08T23:10:11.693Z] {"timestamp":1770592209517,"level":"DEBUG","args":["[Manus] Debug collector initialized (no rrweb, UI events only)"],"stack":null}
[2026-02-08T23:10:11.693Z] {"timestamp":1770592209524,"level":"DEBUG","args":["[vite] connected."],"stack":null}
[2026-02-08T23:10:11.695Z] {"timestamp":1770592209517,"level":"DEBUG","args":["[Manus] Debug collector initialized (no rrweb, UI events only)"],"stack":null}
[2026-02-08T23:10:11.695Z] {"timestamp":1770592209524,"level":"DEBUG","args":["[vite] connected."],"stack":null}
[2026-02-08T23:10:14.650Z] {"timestamp":1770592213625,"level":"DEBUG","args":["[Manus] Debug collector initialized (no rrweb, UI events only)"],"stack":null}
[2026-02-08T23:10:14.650Z] {"timestamp":1770592213627,"level":"DEBUG","args":["[vite] connected."],"stack":null}
[2026-02-08T23:10:14.998Z] {"timestamp":1770592214688,"level":"DEBUG","args":["[Manus] Debug collector initialized (no rrweb, UI events only)"],"stack":null}
[2026-02-08T23:10:14.998Z] {"timestamp":1770592214692,"level":"DEBUG","args":["[vite] connected."],"stack":null}
[2026-02-08T23:10:15.174Z] {"timestamp":1770592215030,"level":"DEBUG","args":["[Manus] Debug collector initialized (no rrweb, UI events only)"],"stack":null}
[2026-02-08T23:10:15.174Z] {"timestamp":1770592215033,"level":"DEBUG","args":["[vite] connected."],"stack":null}
[2026-02-08T23:10:17.156Z] {"timestamp":1770592216985,"level":"DEBUG","args":["[Manus] Debug collector initialized (no rrweb, UI events only)"],"stack":null}
[2026-02-08T23:10:17.156Z] {"timestamp":1770592216990,"level":"DEBUG","args":["[vite] connected."],"stack":null}
[2026-02-08T23:10:17.309Z] {"timestamp":1770592217196,"level":"DEBUG","args":["[Manus] Debug collector initialized (no rrweb, UI events only)"],"stack":null}
[2026-02-08T23:10:17.309Z] {"timestamp":1770592217200,"level":"DEBUG","args":["[vite] connected."],"stack":null}
[2026-02-08T23:10:17.694Z] {"timestamp":1770592215211,"level":"DEBUG","args":["[Manus] Debug collector initialized (no rrweb, UI events only)"],"stack":null}
[2026-02-08T23:10:17.694Z] {"timestamp":1770592215216,"level":"DEBUG","args":["[vite] connected."],"stack":null}
[2026-02-08T23:10:19.692Z] {"timestamp":1770592217346,"level":"DEBUG","args":["[Manus] Debug collector initialized (no rrweb, UI events only)"],"stack":null}
[2026-02-08T23:10:19.692Z] {"timestamp":1770592217350,"level":"DEBUG","args":["[vite] connected."],"stack":null}
[2026-02-08T23:11:04.196Z] {"timestamp":1770592262183,"level":"DEBUG","args":["[Manus] Debug collector initialized (no rrweb, UI events only)"],"stack":null}
[2026-02-08T23:11:04.196Z] {"timestamp":1770592262192,"level":"DEBUG","args":["[vite] connected."],"stack":null}
[2026-02-08T23:11:09.854Z] {"timestamp":1770592267850,"level":"DEBUG","args":["[Manus] Debug collector initialized (no rrweb, UI events only)"],"stack":null}
[2026-02-08T23:11:09.854Z] {"timestamp":1770592267853,"level":"DEBUG","args":["[vite] connected."],"stack":null}
[2026-02-08T23:11:40.691Z] {"timestamp":1770592297965,"level":"DEBUG","args":["[Manus] Debug collector initialized (no rrweb, UI events only)"],"stack":null}
[2026-02-08T23:11:40.691Z] {"timestamp":1770592297974,"level":"DEBUG","args":["[vite] connected."],"stack":null}
[2026-02-08T23:11:40.687Z] {"timestamp":1770592297896,"level":"DEBUG","args":["[Manus] Debug collector initialized (no rrweb, UI events only)"],"stack":null}
[2026-02-08T23:11:40.687Z] {"timestamp":1770592297907,"level":"DEBUG","args":["[vite] connected."],"stack":null}
[2026-02-08T23:11:40.689Z] {"timestamp":1770592297936,"level":"DEBUG","args":["[Manus] Debug collector initialized (no rrweb, UI events only)"],"stack":null}
[2026-02-08T23:11:40.689Z] {"timestamp":1770592297942,"level":"DEBUG","args":["[vite] connected."],"stack":null}
[2026-02-08T23:11:45.887Z] {"timestamp":1770592304020,"level":"DEBUG","args":["[Manus] Debug collector initialized (no rrweb, UI events only)"],"stack":null}
[2026-02-08T23:11:45.887Z] {"timestamp":1770592304031,"level":"DEBUG","args":["[vite] connected."],"stack":null}
[2026-02-08T23:11:45.894Z] {"timestamp":1770592304020,"level":"DEBUG","args":["[Manus] Debug collector initialized (no rrweb, UI events only)"],"stack":null}
[2026-02-08T23:11:45.894Z] {"timestamp":1770592304031,"level":"DEBUG","args":["[vite] connected."],"stack":null}
[2026-02-08T23:11:45.898Z] {"timestamp":1770592304031,"level":"DEBUG","args":["[Manus] Debug collector initialized (no rrweb, UI events only)"],"stack":null}
[2026-02-08T23:11:45.898Z] {"timestamp":1770592304041,"level":"DEBUG","args":["[vite] connected."],"stack":null}
[2026-02-08T23:11:48.685Z] {"timestamp":1770592305987,"level":"DEBUG","args":["[Manus] Debug collector initialized (no rrweb, UI events only)"],"stack":null}
[2026-02-08T23:11:48.685Z] {"timestamp":1770592305996,"level":"DEBUG","args":["[vite] connected."],"stack":null}
[2026-02-08T23:11:48.689Z] {"timestamp":1770592306011,"level":"DEBUG","args":["[Manus] Debug collector initialized (no rrweb, UI events only)"],"stack":null}
[2026-02-08T23:11:48.689Z] {"timestamp":1770592306020,"level":"DEBUG","args":["[vite] connected."],"stack":null}
[2026-02-08T23:11:48.687Z] {"timestamp":1770592305990,"level":"DEBUG","args":["[Manus] Debug collector initialized (no rrweb, UI events only)"],"stack":null}
[2026-02-08T23:11:48.687Z] {"timestamp":1770592305997,"level":"DEBUG","args":["[vite] connected."],"stack":null}
[2026-02-08T23:11:52.691Z] {"timestamp":1770592310327,"level":"DEBUG","args":["[Manus] Debug collector initialized (no rrweb, UI events only)"],"stack":null}
[2026-02-08T23:11:52.691Z] {"timestamp":1770592310339,"level":"DEBUG","args":["[vite] connected."],"stack":null}
[2026-02-08T23:11:52.694Z] {"timestamp":1770592310334,"level":"DEBUG","args":["[Manus] Debug collector initialized (no rrweb, UI events only)"],"stack":null}
[2026-02-08T23:11:52.694Z] {"timestamp":1770592310342,"level":"DEBUG","args":["[vite] connected."],"stack":null}
[2026-02-08T23:11:52.692Z] {"timestamp":1770592310326,"level":"DEBUG","args":["[Manus] Debug collector initialized (no rrweb, UI events only)"],"stack":null}
[2026-02-08T23:11:52.692Z] {"timestamp":1770592310338,"level":"DEBUG","args":["[vite] connected."],"stack":null}
[2026-02-08T23:11:55.688Z] {"timestamp":1770592313156,"level":"DEBUG","args":["[Manus] Debug collector initialized (no rrweb, UI events only)"],"stack":null}
[2026-02-08T23:11:55.688Z] {"timestamp":1770592313160,"level":"DEBUG","args":["[vite] connected."],"stack":null}
[2026-02-08T23:11:55.692Z] {"timestamp":1770592313143,"level":"DEBUG","args":["[Manus] Debug collector initialized (no rrweb, UI events only)"],"stack":null}
[2026-02-08T23:11:55.692Z] {"timestamp":1770592313151,"level":"DEBUG","args":["[vite] connected."],"stack":null}
[2026-02-08T23:11:55.689Z] {"timestamp":1770592313145,"level":"DEBUG","args":["[Manus] Debug collector initialized (no rrweb, UI events only)"],"stack":null}
[2026-02-08T23:11:55.689Z] {"timestamp":1770592313154,"level":"DEBUG","args":["[vite] connected."],"stack":null}
[2026-02-08T23:12:09.254Z] {"timestamp":1770592328707,"level":"DEBUG","args":["[Manus] Debug collector initialized (no rrweb, UI events only)"],"stack":null}
[2026-02-08T23:12:09.254Z] {"timestamp":1770592328719,"level":"DEBUG","args":["[vite] connected."],"stack":null}
[2026-02-08T23:12:09.892Z] {"timestamp":1770592329295,"level":"DEBUG","args":["[Manus] Debug collector initialized (no rrweb, UI events only)"],"stack":null}
[2026-02-08T23:12:09.892Z] {"timestamp":1770592329301,"level":"DEBUG","args":["[vite] connected."],"stack":null}
[2026-02-08T23:12:12.408Z] {"timestamp":1770592331851,"level":"DEBUG","args":["[Manus] Debug collector initialized (no rrweb, UI events only)"],"stack":null}
[2026-02-08T23:12:12.408Z] {"timestamp":1770592331855,"level":"DEBUG","args":["[vite] connected."],"stack":null}
[2026-02-08T23:12:12.672Z] {"timestamp":1770592332445,"level":"DEBUG","args":["[Manus] Debug collector initialized (no rrweb, UI events only)"],"stack":null}
[2026-02-08T23:12:12.673Z] {"timestamp":1770592332449,"level":"DEBUG","args":["[vite] connected."],"stack":null}
[2026-02-08T23:12:12.686Z] {"timestamp":1770592329934,"level":"DEBUG","args":["[Manus] Debug collector initialized (no rrweb, UI events only)"],"stack":null}
[2026-02-08T23:12:12.686Z] {"timestamp":1770592329937,"level":"DEBUG","args":["[vite] connected."],"stack":null}
[2026-02-08T23:12:12.887Z] {"timestamp":1770592332720,"level":"DEBUG","args":["[Manus] Debug collector initialized (no rrweb, UI events only)"],"stack":null}
[2026-02-08T23:12:12.887Z] {"timestamp":1770592332724,"level":"DEBUG","args":["[vite] connected."],"stack":null}
[2026-02-08T23:12:15.700Z] {"timestamp":1770592332927,"level":"DEBUG","args":["[Manus] Debug collector initialized (no rrweb, UI events only)"],"stack":null}
[2026-02-08T23:12:15.700Z] {"timestamp":1770592332931,"level":"DEBUG","args":["[vite] connected."],"stack":null}
[2026-02-08T23:12:46.589Z] {"timestamp":1770592363723,"level":"DEBUG","args":["[Manus] Debug collector initialized (no rrweb, UI events only)"],"stack":null}
[2026-02-08T23:12:46.589Z] {"timestamp":1770592363727,"level":"DEBUG","args":["[vite] connected."],"stack":null}
[2026-02-08T23:12:46.694Z] {"timestamp":1770592363715,"level":"DEBUG","args":["[Manus] Debug collector initialized (no rrweb, UI events only)"],"stack":null}
[2026-02-08T23:12:46.694Z] {"timestamp":1770592363719,"level":"DEBUG","args":["[vite] connected."],"stack":null}
[2026-02-08T23:12:46.694Z] {"timestamp":1770592363710,"level":"DEBUG","args":["[Manus] Debug collector initialized (no rrweb, UI events only)"],"stack":null}
[2026-02-08T23:12:46.694Z] {"timestamp":1770592363716,"level":"DEBUG","args":["[vite] connected."],"stack":null}
[2026-02-08T23:12:49.653Z] {"timestamp":1770592367646,"level":"DEBUG","args":["[Manus] Debug collector initialized (no rrweb, UI events only)"],"stack":null}
[2026-02-08T23:12:49.653Z] {"timestamp":1770592367651,"level":"DEBUG","args":["[vite] connected."],"stack":null}
[2026-02-08T23:16:35.824Z] {"timestamp":1770592594918,"level":"LOG","args":["[vite] server connection lost. Polling for restart..."],"stack":null}
[2026-02-08T23:16:38.576Z] {"timestamp":1770592595691,"level":"DEBUG","args":["[Manus] Debug collector initialized (no rrweb, UI events only)"],"stack":null}
[2026-02-08T23:16:38.576Z] {"timestamp":1770592595692,"level":"LOG","args":["FBNavResponseStart:1770592595240"],"stack":null}
[2026-02-08T23:16:38.576Z] {"timestamp":1770592595692,"level":"LOG","args":["FBNavResponseEnd:1770592595279"],"stack":null}
[2026-02-08T23:16:38.576Z] {"timestamp":1770592595692,"level":"LOG","args":["FBNavAmpDetect:false"],"stack":null}
[2026-02-08T23:16:38.576Z] {"timestamp":1770592595706,"level":"DEBUG","args":["[vite] connected."],"stack":null}
[2026-02-08T23:16:38.576Z] {"timestamp":1770592595837,"level":"INFO","args":["%cDownload the React DevTools for a better development experience: https://react.dev/link/react-devtools","font-weight:bold"],"stack":null}
[2026-02-08T23:16:38.576Z] {"timestamp":1770592595904,"level":"LOG","args":["FBNavDomContentLoaded:1770592595904"],"stack":null}
[2026-02-08T23:16:38.576Z] {"timestamp":1770592595904,"level":"LOG","args":["FBNavDomContentLoaded:1770592595904"],"stack":null}
[2026-02-08T23:16:38.576Z] {"timestamp":1770592595912,"level":"LOG","args":["FBNavResponseStart:1770592595240"],"stack":null}
[2026-02-08T23:16:38.576Z] {"timestamp":1770592595913,"level":"LOG","args":["FBNavResponseEnd:1770592595279"],"stack":null}
[2026-02-08T23:16:38.576Z] {"timestamp":1770592595913,"level":"LOG","args":["FBNavDomContentLoaded:1770592595904"],"stack":null}
[2026-02-08T23:16:38.576Z] {"timestamp":1770592595913,"level":"LOG","args":["FBNavAmpDetect:false"],"stack":null}
[2026-02-08T23:16:38.576Z] {"timestamp":1770592596169,"level":"LOG","args":["FBNavResponseStart:1770592595240"],"stack":null}
[2026-02-08T23:16:38.576Z] {"timestamp":1770592596169,"level":"LOG","args":["FBNavResponseEnd:1770592595279"],"stack":null}
[2026-02-08T23:16:38.576Z] {"timestamp":1770592596169,"level":"LOG","args":["FBNavDomContentLoaded:1770592595904"],"stack":null}
[2026-02-08T23:16:38.576Z] {"timestamp":1770592596169,"level":"LOG","args":["FBNavAmpDetect:false"],"stack":null}
[2026-02-08T23:16:38.576Z] {"timestamp":1770592596240,"level":"LOG","args":["FBNavFirstContentfulPaint:1770592596235"],"stack":null}
[2026-02-08T23:16:38.576Z] {"timestamp":1770592596240,"level":"LOG","args":["FBNavFirstContentfulPaint:1770592596235"],"stack":null}
[2026-02-08T23:16:38.576Z] {"timestamp":1770592596241,"level":"LOG","args":["FBNavFirstContentfulPaint:1770592596235"],"stack":null}
[2026-02-08T23:16:38.576Z] {"timestamp":1770592596241,"level":"LOG","args":["FBNavFirstContentfulPaint:1770592596235"],"stack":null}
[2026-02-08T23:16:38.576Z] {"timestamp":1770592596241,"level":"LOG","args":["FBNavLargestContentfulPaint:1770592596235"],"stack":null}
[2026-02-08T23:16:38.576Z] {"timestamp":1770592596241,"level":"LOG","args":["FBNavLargestContentfulPaint:1770592596235"],"stack":null}
[2026-02-08T23:16:38.576Z] {"timestamp":1770592596241,"level":"LOG","args":["FBNavLargestContentfulPaint:1770592596235"],"stack":null}
[2026-02-08T23:16:38.576Z] {"timestamp":1770592596241,"level":"LOG","args":["FBNavLargestContentfulPaint:1770592596235"],"stack":null}
[2026-02-08T23:16:38.576Z] {"timestamp":1770592596241,"level":"LOG","args":["FBNavResponseStart:1770592595240"],"stack":null}
[2026-02-08T23:16:38.576Z] {"timestamp":1770592596241,"level":"LOG","args":["FBNavResponseEnd:1770592595279"],"stack":null}
[2026-02-08T23:16:38.576Z] {"timestamp":1770592596241,"level":"LOG","args":["FBNavDomContentLoaded:1770592595904"],"stack":null}
[2026-02-08T23:16:38.576Z] {"timestamp":1770592596241,"level":"LOG","args":["FBNavAmpDetect:false"],"stack":null}
[2026-02-08T23:16:38.576Z] {"timestamp":1770592596242,"level":"LOG","args":["FBNavFirstContentfulPaint:1770592596235"],"stack":null}
[2026-02-08T23:16:38.576Z] {"timestamp":1770592596242,"level":"LOG","args":["FBNavLargestContentfulPaint:1770592596235"],"stack":null}
[2026-02-08T23:16:40.576Z] {"timestamp":1770592597847,"level":"LOG","args":["FBNavINP:144"],"stack":null}
[2026-02-08T23:16:46.578Z] {"timestamp":1770592604699,"level":"LOG","args":["FBNavINP:240"],"stack":null}
[2026-02-08T23:17:00.564Z] {"timestamp":1770592619592,"level":"LOG","args":["FBNavResponseStart:1770592595240"],"stack":null}
[2026-02-08T23:17:00.564Z] {"timestamp":1770592619592,"level":"LOG","args":["FBNavResponseEnd:1770592595279"],"stack":null}
[2026-02-08T23:17:00.564Z] {"timestamp":1770592619593,"level":"LOG","args":["FBNavDomContentLoaded:1770592595904"],"stack":null}
[2026-02-08T23:17:00.564Z] {"timestamp":1770592619593,"level":"LOG","args":["FBNavLoadEventEnd:1770592619566"],"stack":null}
[2026-02-08T23:17:00.564Z] {"timestamp":1770592619593,"level":"LOG","args":["FBNavAmpDetect:false"],"stack":null}
[2026-02-08T23:17:00.564Z] {"timestamp":1770592619611,"level":"LOG","args":["FBNavFirstContentfulPaint:1770592596235"],"stack":null}
[2026-02-08T23:17:00.564Z] {"timestamp":1770592619611,"level":"LOG","args":["FBNavLargestContentfulPaint:1770592596235"],"stack":null}
[2026-02-08T23:17:02.571Z] {"timestamp":1770592620088,"level":"LOG","args":["FBNavResponseStart:1770592595240"],"stack":null}
[2026-02-08T23:17:02.571Z] {"timestamp":1770592620088,"level":"LOG","args":["FBNavResponseEnd:1770592595279"],"stack":null}
[2026-02-08T23:17:02.571Z] {"timestamp":1770592620088,"level":"LOG","args":["FBNavDomContentLoaded:1770592595904"],"stack":null}
[2026-02-08T23:17:02.571Z] {"timestamp":1770592620088,"level":"LOG","args":["FBNavLoadEventEnd:1770592619566"],"stack":null}
[2026-02-08T23:17:02.571Z] {"timestamp":1770592620088,"level":"LOG","args":["FBNavAmpDetect:false"],"stack":null}
[2026-02-08T23:17:02.571Z] {"timestamp":1770592620100,"level":"LOG","args":["FBNavFirstContentfulPaint:1770592596235"],"stack":null}
[2026-02-08T23:17:02.571Z] {"timestamp":1770592620101,"level":"LOG","args":["FBNavLargestContentfulPaint:1770592596235"],"stack":null}
[2026-02-08T23:17:02.571Z] {"timestamp":1770592620102,"level":"LOG","args":["FBNavResponseStart:1770592595240"],"stack":null}
[2026-02-08T23:17:02.571Z] {"timestamp":1770592620103,"level":"LOG","args":["FBNavResponseEnd:1770592595279"],"stack":null}
[2026-02-08T23:17:02.571Z] {"timestamp":1770592620103,"level":"LOG","args":["FBNavDomContentLoaded:1770592595904"],"stack":null}
[2026-02-08T23:17:02.571Z] {"timestamp":1770592620103,"level":"LOG","args":["FBNavLoadEventEnd:1770592619566"],"stack":null}
[2026-02-08T23:17:02.571Z] {"timestamp":1770592620103,"level":"LOG","args":["FBNavAmpDetect:false"],"stack":null}
[2026-02-08T23:17:02.571Z] {"timestamp":1770592620103,"level":"LOG","args":["FBNavResponseStart:1770592595240"],"stack":null}
[2026-02-08T23:17:02.571Z] {"timestamp":1770592620103,"level":"LOG","args":["FBNavResponseEnd:1770592595279"],"stack":null}
[2026-02-08T23:17:02.571Z] {"timestamp":1770592620104,"level":"LOG","args":["FBNavDomContentLoaded:1770592595904"],"stack":null}
[2026-02-08T23:17:02.571Z] {"timestamp":1770592620104,"level":"LOG","args":["FBNavLoadEventEnd:1770592619566"],"stack":null}
[2026-02-08T23:17:02.571Z] {"timestamp":1770592620104,"level":"LOG","args":["FBNavAmpDetect:false"],"stack":null}
[2026-02-08T23:17:02.571Z] {"timestamp":1770592620105,"level":"LOG","args":["FBNavFirstContentfulPaint:1770592596235"],"stack":null}
[2026-02-08T23:17:02.571Z] {"timestamp":1770592620105,"level":"LOG","args":["FBNavLargestContentfulPaint:1770592596235"],"stack":null}
[2026-02-08T23:17:02.571Z] {"timestamp":1770592620105,"level":"LOG","args":["FBNavFirstContentfulPaint:1770592596235"],"stack":null}
[2026-02-08T23:17:02.571Z] {"timestamp":1770592620105,"level":"LOG","args":["FBNavLargestContentfulPaint:1770592596235"],"stack":null}
[2026-02-08T23:17:12.569Z] {"timestamp":1770592630951,"level":"LOG","args":["FBNavResponseStart:1770592595240"],"stack":null}
[2026-02-08T23:17:12.569Z] {"timestamp":1770592630951,"level":"LOG","args":["FBNavResponseEnd:1770592595279"],"stack":null}
[2026-02-08T23:17:12.569Z] {"timestamp":1770592630951,"level":"LOG","args":["FBNavDomContentLoaded:1770592595904"],"stack":null}
[2026-02-08T23:17:12.569Z] {"timestamp":1770592630951,"level":"LOG","args":["FBNavLoadEventEnd:1770592619566"],"stack":null}
[2026-02-08T23:17:12.569Z] {"timestamp":1770592630951,"level":"LOG","args":["FBNavAmpDetect:false"],"stack":null}
[2026-02-08T23:17:12.569Z] {"timestamp":1770592630952,"level":"LOG","args":["FBNavFirstContentfulPaint:1770592596235"],"stack":null}
[2026-02-08T23:17:12.569Z] {"timestamp":1770592630953,"level":"LOG","args":["FBNavLargestContentfulPaint:1770592596235"],"stack":null}
[2026-02-08T23:17:12.569Z] {"timestamp":1770592630953,"level":"LOG","args":["FBNavResponseStart:1770592595240"],"stack":null}
[2026-02-08T23:17:12.569Z] {"timestamp":1770592630953,"level":"LOG","args":["FBNavResponseEnd:1770592595279"],"stack":null}
[2026-02-08T23:17:12.569Z] {"timestamp":1770592630954,"level":"LOG","args":["FBNavDomContentLoaded:1770592595904"],"stack":null}
[2026-02-08T23:17:12.569Z] {"timestamp":1770592630954,"level":"LOG","args":["FBNavLoadEventEnd:1770592619566"],"stack":null}
[2026-02-08T23:17:12.569Z] {"timestamp":1770592630954,"level":"LOG","args":["FBNavAmpDetect:false"],"stack":null}
[2026-02-08T23:17:12.569Z] {"timestamp":1770592630955,"level":"LOG","args":["FBNavResponseStart:1770592595240"],"stack":null}
[2026-02-08T23:17:12.569Z] {"timestamp":1770592630955,"level":"LOG","args":["FBNavResponseEnd:1770592595279"],"stack":null}
[2026-02-08T23:17:12.569Z] {"timestamp":1770592630955,"level":"LOG","args":["FBNavDomContentLoaded:1770592595904"],"stack":null}
[2026-02-08T23:17:12.569Z] {"timestamp":1770592630955,"level":"LOG","args":["FBNavLoadEventEnd:1770592619566"],"stack":null}
[2026-02-08T23:17:12.569Z] {"timestamp":1770592630955,"level":"LOG","args":["FBNavAmpDetect:false"],"stack":null}
[2026-02-08T23:17:12.569Z] {"timestamp":1770592630956,"level":"LOG","args":["FBNavFirstContentfulPaint:1770592596235"],"stack":null}
[2026-02-08T23:17:12.569Z] {"timestamp":1770592630956,"level":"LOG","args":["FBNavLargestContentfulPaint:1770592596235"],"stack":null}
[2026-02-08T23:17:12.569Z] {"timestamp":1770592630957,"level":"LOG","args":["FBNavFirstContentfulPaint:1770592596235"],"stack":null}
[2026-02-08T23:17:12.569Z] {"timestamp":1770592630957,"level":"LOG","args":["FBNavLargestContentfulPaint:1770592596235"],"stack":null}
[2026-02-08T23:21:04.964Z] {"timestamp":1770592862542,"level":"LOG","args":["FBNavResponseStart:1770592595240"],"stack":null}
[2026-02-08T23:21:04.964Z] {"timestamp":1770592862543,"level":"LOG","args":["FBNavResponseEnd:1770592595279"],"stack":null}
[2026-02-08T23:21:04.964Z] {"timestamp":1770592862543,"level":"LOG","args":["FBNavDomContentLoaded:1770592595904"],"stack":null}
[2026-02-08T23:21:04.964Z] {"timestamp":1770592862543,"level":"LOG","args":["FBNavLoadEventEnd:1770592619566"],"stack":null}
[2026-02-08T23:21:04.964Z] {"timestamp":1770592862543,"level":"LOG","args":["FBNavAmpDetect:false"],"stack":null}
[2026-02-08T23:21:04.964Z] {"timestamp":1770592862552,"level":"LOG","args":["FBNavFirstContentfulPaint:1770592596235"],"stack":null}
[2026-02-08T23:21:04.964Z] {"timestamp":1770592862553,"level":"LOG","args":["FBNavLargestContentfulPaint:1770592596235"],"stack":null}
[2026-02-08T23:21:04.964Z] {"timestamp":1770592862564,"level":"LOG","args":["FBNavResponseStart:1770592595240"],"stack":null}
[2026-02-08T23:21:04.964Z] {"timestamp":1770592862564,"level":"LOG","args":["FBNavResponseEnd:1770592595279"],"stack":null}
[2026-02-08T23:21:04.964Z] {"timestamp":1770592862565,"level":"LOG","args":["FBNavDomContentLoaded:1770592595904"],"stack":null}
[2026-02-08T23:21:04.964Z] {"timestamp":1770592862565,"level":"LOG","args":["FBNavLoadEventEnd:1770592619566"],"stack":null}
[2026-02-08T23:21:04.964Z] {"timestamp":1770592862565,"level":"LOG","args":["FBNavAmpDetect:false"],"stack":null}
[2026-02-08T23:21:04.964Z] {"timestamp":1770592862566,"level":"LOG","args":["FBNavFirstContentfulPaint:1770592596235"],"stack":null}
[2026-02-08T23:21:04.964Z] {"timestamp":1770592862566,"level":"LOG","args":["FBNavLargestContentfulPaint:1770592596235"],"stack":null}
[2026-02-08T23:21:04.964Z] {"timestamp":1770592862566,"level":"LOG","args":["FBNavResponseStart:1770592595240"],"stack":null}
[2026-02-08T23:21:04.964Z] {"timestamp":1770592862567,"level":"LOG","args":["FBNavResponseEnd:1770592595279"],"stack":null}
[2026-02-08T23:21:04.964Z] {"timestamp":1770592862567,"level":"LOG","args":["FBNavDomContentLoaded:1770592595904"],"stack":null}
[2026-02-08T23:21:04.964Z] {"timestamp":1770592862567,"level":"LOG","args":["FBNavLoadEventEnd:1770592619566"],"stack":null}
[2026-02-08T23:21:04.964Z] {"timestamp":1770592862567,"level":"LOG","args":["FBNavAmpDetect:false"],"stack":null}
[2026-02-08T23:21:04.964Z] {"timestamp":1770592862573,"level":"LOG","args":["FBNavFirstContentfulPaint:1770592596235"],"stack":null}
[2026-02-08T23:21:04.964Z] {"timestamp":1770592862574,"level":"LOG","args":["FBNavLargestContentfulPaint:1770592596235"],"stack":null}
[2026-02-08T23:21:59.559Z] {"timestamp":1770592889823,"level":"LOG","args":["[vite] server connection lost. Polling for restart..."],"stack":null}
[2026-02-08T23:23:22.950Z] {"timestamp":1770593001977,"level":"LOG","args":["FBNavResponseStart:1770592595240"],"stack":null}
[2026-02-08T23:23:22.950Z] {"timestamp":1770593001977,"level":"LOG","args":["FBNavResponseEnd:1770592595279"],"stack":null}
[2026-02-08T23:23:22.950Z] {"timestamp":1770593001977,"level":"LOG","args":["FBNavDomContentLoaded:1770592595904"],"stack":null}
[2026-02-08T23:23:22.950Z] {"timestamp":1770593001977,"level":"LOG","args":["FBNavLoadEventEnd:1770592619566"],"stack":null}
[2026-02-08T23:23:22.950Z] {"timestamp":1770593001977,"level":"LOG","args":["FBNavAmpDetect:false"],"stack":null}
[2026-02-08T23:23:22.950Z] {"timestamp":1770593001984,"level":"LOG","args":["FBNavFirstContentfulPaint:1770592596235"],"stack":null}
[2026-02-08T23:23:22.950Z] {"timestamp":1770593001985,"level":"LOG","args":["FBNavLargestContentfulPaint:1770592596235"],"stack":null}
[2026-02-08T23:23:25.239Z] {"timestamp":1770593002366,"level":"DEBUG","args":["[Manus] Debug collector initialized (no rrweb, UI events only)"],"stack":null}
[2026-02-08T23:23:25.239Z] {"timestamp":1770593002368,"level":"LOG","args":["FBNavResponseStart:1770593001989"],"stack":null}
[2026-02-08T23:23:25.239Z] {"timestamp":1770593002368,"level":"LOG","args":["FBNavResponseEnd:1770593001996"],"stack":null}
[2026-02-08T23:23:25.239Z] {"timestamp":1770593002369,"level":"LOG","args":["FBNavAmpDetect:false"],"stack":null}
[2026-02-08T23:23:25.239Z] {"timestamp":1770593002380,"level":"DEBUG","args":["[vite] connected."],"stack":null}
[2026-02-08T23:23:25.239Z] {"timestamp":1770593002470,"level":"INFO","args":["%cDownload the React DevTools for a better development experience: https://react.dev/link/react-devtools","font-weight:bold"],"stack":null}
[2026-02-08T23:23:25.239Z] {"timestamp":1770593002522,"level":"LOG","args":["FBNavDomContentLoaded:1770593002522"],"stack":null}
[2026-02-08T23:23:25.239Z] {"timestamp":1770593002523,"level":"LOG","args":["FBNavDomContentLoaded:1770593002522"],"stack":null}
[2026-02-08T23:23:25.239Z] {"timestamp":1770593002535,"level":"LOG","args":["FBNavResponseStart:1770593001989"],"stack":null}
[2026-02-08T23:23:25.239Z] {"timestamp":1770593002535,"level":"LOG","args":["FBNavResponseEnd:1770593001996"],"stack":null}
[2026-02-08T23:23:25.239Z] {"timestamp":1770593002535,"level":"LOG","args":["FBNavDomContentLoaded:1770593002522"],"stack":null}
[2026-02-08T23:23:25.239Z] {"timestamp":1770593002535,"level":"LOG","args":["FBNavAmpDetect:false"],"stack":null}
[2026-02-08T23:23:25.239Z] {"timestamp":1770593002724,"level":"LOG","args":["FBNavResponseStart:1770593001989"],"stack":null}
[2026-02-08T23:23:25.239Z] {"timestamp":1770593002724,"level":"LOG","args":["FBNavResponseEnd:1770593001996"],"stack":null}
[2026-02-08T23:23:25.239Z] {"timestamp":1770593002724,"level":"LOG","args":["FBNavDomContentLoaded:1770593002522"],"stack":null}
[2026-02-08T23:23:25.239Z] {"timestamp":1770593002724,"level":"LOG","args":["FBNavLoadEventEnd:1770593002536"],"stack":null}
[2026-02-08T23:23:25.239Z] {"timestamp":1770593002724,"level":"LOG","args":["FBNavAmpDetect:false"],"stack":null}
[2026-02-08T23:23:25.239Z] {"timestamp":1770593002725,"level":"LOG","args":["FBNavResponseStart:1770593001989"],"stack":null}
[2026-02-08T23:23:25.239Z] {"timestamp":1770593002725,"level":"LOG","args":["FBNavResponseEnd:1770593001996"],"stack":null}
[2026-02-08T23:23:25.239Z] {"timestamp":1770593002725,"level":"LOG","args":["FBNavDomContentLoaded:1770593002522"],"stack":null}
[2026-02-08T23:23:25.239Z] {"timestamp":1770593002725,"level":"LOG","args":["FBNavLoadEventEnd:1770593002536"],"stack":null}
[2026-02-08T23:23:25.239Z] {"timestamp":1770593002725,"level":"LOG","args":["FBNavAmpDetect:false"],"stack":null}
[2026-02-08T23:23:25.239Z] {"timestamp":1770593002794,"level":"LOG","args":["FBNavFirstContentfulPaint:1770593002761"],"stack":null}
[2026-02-08T23:23:25.239Z] {"timestamp":1770593002794,"level":"LOG","args":["FBNavFirstContentfulPaint:1770593002761"],"stack":null}
[2026-02-08T23:23:25.239Z] {"timestamp":1770593002794,"level":"LOG","args":["FBNavFirstContentfulPaint:1770593002761"],"stack":null}
[2026-02-08T23:23:25.239Z] {"timestamp":1770593002794,"level":"LOG","args":["FBNavFirstContentfulPaint:1770593002761"],"stack":null}
[2026-02-08T23:23:25.239Z] {"timestamp":1770593002794,"level":"LOG","args":["FBNavFirstContentfulPaint:1770593002761"],"stack":null}
[2026-02-08T23:23:25.239Z] {"timestamp":1770593002795,"level":"LOG","args":["FBNavLargestContentfulPaint:1770593002761"],"stack":null}
[2026-02-08T23:23:25.239Z] {"timestamp":1770593002795,"level":"LOG","args":["FBNavLargestContentfulPaint:1770593002761"],"stack":null}
[2026-02-08T23:23:25.239Z] {"timestamp":1770593002795,"level":"LOG","args":["FBNavLargestContentfulPaint:1770593002761"],"stack":null}
[2026-02-08T23:23:25.239Z] {"timestamp":1770593002795,"level":"LOG","args":["FBNavLargestContentfulPaint:1770593002761"],"stack":null}
[2026-02-08T23:23:25.239Z] {"timestamp":1770593002795,"level":"LOG","args":["FBNavLargestContentfulPaint:1770593002761"],"stack":null}
[2026-02-08T23:23:25.239Z] {"timestamp":1770593003609,"level":"LOG","args":["FBNavResponseStart:1770593001989"],"stack":null}
[2026-02-08T23:23:25.239Z] {"timestamp":1770593003609,"level":"LOG","args":["FBNavResponseEnd:1770593001996"],"stack":null}
[2026-02-08T23:23:25.239Z] {"timestamp":1770593003609,"level":"LOG","args":["FBNavDomContentLoaded:1770593002522"],"stack":null}
[2026-02-08T23:23:25.239Z] {"timestamp":1770593003609,"level":"LOG","args":["FBNavLoadEventEnd:1770593002536"],"stack":null}
[2026-02-08T23:23:25.239Z] {"timestamp":1770593003609,"level":"LOG","args":["FBNavAmpDetect:false"],"stack":null}
[2026-02-08T23:23:25.239Z] {"timestamp":1770593003610,"level":"LOG","args":["FBNavFirstContentfulPaint:1770593002761"],"stack":null}
[2026-02-08T23:23:25.239Z] {"timestamp":1770593003610,"level":"LOG","args":["FBNavLargestContentfulPaint:1770593002761"],"stack":null}
[2026-02-08T23:23:25.239Z] {"timestamp":1770593003622,"level":"LOG","args":["FBNavResponseStart:1770593001989"],"stack":null}
[2026-02-08T23:23:25.239Z] {"timestamp":1770593003622,"level":"LOG","args":["FBNavResponseEnd:1770593001996"],"stack":null}
[2026-02-08T23:23:25.239Z] {"timestamp":1770593003622,"level":"LOG","args":["FBNavDomContentLoaded:1770593002522"],"stack":null}
[2026-02-08T23:23:25.239Z] {"timestamp":1770593003622,"level":"LOG","args":["FBNavLoadEventEnd:1770593002536"],"stack":null}
[2026-02-08T23:23:25.239Z] {"timestamp":1770593003622,"level":"LOG","args":["FBNavAmpDetect:false"],"stack":null}
[2026-02-08T23:23:25.239Z] {"timestamp":1770593003623,"level":"LOG","args":["FBNavFirstContentfulPaint:1770593002761"],"stack":null}
[2026-02-08T23:23:25.239Z] {"timestamp":1770593003623,"level":"LOG","args":["FBNavLargestContentfulPaint:1770593002761"],"stack":null}
[2026-02-08T23:23:25.239Z] {"timestamp":1770593003626,"level":"LOG","args":["FBNavResponseStart:1770593001989"],"stack":null}
[2026-02-08T23:23:25.239Z] {"timestamp":1770593003626,"level":"LOG","args":["FBNavResponseEnd:1770593001996"],"stack":null}
[2026-02-08T23:23:25.239Z] {"timestamp":1770593003626,"level":"LOG","args":["FBNavDomContentLoaded:1770593002522"],"stack":null}
[2026-02-08T23:23:25.239Z] {"timestamp":1770593003626,"level":"LOG","args":["FBNavLoadEventEnd:1770593002536"],"stack":null}
[2026-02-08T23:23:25.239Z] {"timestamp":1770593003626,"level":"LOG","args":["FBNavAmpDetect:false"],"stack":null}
[2026-02-08T23:23:25.239Z] {"timestamp":1770593003627,"level":"LOG","args":["FBNavFirstContentfulPaint:1770593002761"],"stack":null}
[2026-02-08T23:23:25.239Z] {"timestamp":1770593003627,"level":"LOG","args":["FBNavLargestContentfulPaint:1770593002761"],"stack":null}
[2026-02-08T23:28:50.092Z] {"timestamp":1770593328079,"level":"DEBUG","args":["[Manus] Debug collector initialized (no rrweb, UI events only)"],"stack":null}
[2026-02-08T23:28:50.092Z] {"timestamp":1770593328082,"level":"DEBUG","args":["[vite] connected."],"stack":null}
[2026-02-09T20:29:08.679Z] {"timestamp":1770593334339,"level":"LOG","args":["[vite] server connection lost. Polling for restart..."],"stack":null}
[2026-02-09T20:29:08.679Z] {"timestamp":1770593334333,"level":"LOG","args":["[vite] server connection lost. Polling for restart..."],"stack":null}
[2026-02-09T20:29:08.728Z] {"timestamp":1770593334350,"level":"LOG","args":["[vite] server connection lost. Polling for restart..."],"stack":null}
[2026-02-09T20:29:30.089Z] {"timestamp":1770668968072,"level":"DEBUG","args":["[Manus] Debug collector initialized (no rrweb, UI events only)"],"stack":null}
[2026-02-09T20:29:30.089Z] {"timestamp":1770668968074,"level":"DEBUG","args":["[vite] connected."],"stack":null}
[2026-02-09T20:29:31.819Z] {"timestamp":1770668970781,"level":"DEBUG","args":["[Manus] Debug collector initialized (no rrweb, UI events only)"],"stack":null}
[2026-02-09T20:29:31.819Z] {"timestamp":1770668970785,"level":"DEBUG","args":["[vite] connected."],"stack":null}
[2026-02-09T20:29:33.867Z] {"timestamp":1770668971860,"level":"DEBUG","args":["[Manus] Debug collector initialized (no rrweb, UI events only)"],"stack":null}
[2026-02-09T20:29:33.867Z] {"timestamp":1770668971863,"level":"DEBUG","args":["[vite] connected."],"stack":null}
[2026-02-09T20:29:50.327Z] {"timestamp":1770668987190,"level":"DEBUG","args":["[Manus] Debug collector initialized (no rrweb, UI events only)"],"stack":null}
[2026-02-09T20:29:50.327Z] {"timestamp":1770668987207,"level":"LOG","args":["FBNavResponseStart:1770668986944"],"stack":null}
[2026-02-09T20:29:50.327Z] {"timestamp":1770668987207,"level":"LOG","args":["FBNavResponseEnd:1770668986986"],"stack":null}
[2026-02-09T20:29:50.327Z] {"timestamp":1770668987207,"level":"LOG","args":["FBNavAmpDetect:false"],"stack":null}
[2026-02-09T20:29:50.327Z] {"timestamp":1770668987221,"level":"DEBUG","args":["[vite] connected."],"stack":null}
[2026-02-09T20:29:50.327Z] {"timestamp":1770668987326,"level":"INFO","args":["%cDownload the React DevTools for a better development experience: https://react.dev/link/react-devtools","font-weight:bold"],"stack":null}
[2026-02-09T20:29:50.327Z] {"timestamp":1770668987374,"level":"LOG","args":["FBNavDomContentLoaded:1770668987374"],"stack":null}
[2026-02-09T20:29:50.327Z] {"timestamp":1770668987374,"level":"LOG","args":["FBNavDomContentLoaded:1770668987374"],"stack":null}
[2026-02-09T20:29:50.327Z] {"timestamp":1770668987380,"level":"LOG","args":["FBNavResponseStart:1770668986944"],"stack":null}
[2026-02-09T20:29:50.327Z] {"timestamp":1770668987380,"level":"LOG","args":["FBNavResponseEnd:1770668986986"],"stack":null}
[2026-02-09T20:29:50.327Z] {"timestamp":1770668987380,"level":"LOG","args":["FBNavDomContentLoaded:1770668987374"],"stack":null}
[2026-02-09T20:29:50.327Z] {"timestamp":1770668987380,"level":"LOG","args":["FBNavAmpDetect:false"],"stack":null}
[2026-02-09T20:29:50.327Z] {"timestamp":1770668987621,"level":"LOG","args":["FBNavMaxLongtaskMs:152"],"stack":null}
[2026-02-09T20:29:50.327Z] {"timestamp":1770668987622,"level":"LOG","args":["FBNavResponseStart:1770668986944"],"stack":null}
[2026-02-09T20:29:50.327Z] {"timestamp":1770668987622,"level":"LOG","args":["FBNavResponseEnd:1770668986986"],"stack":null}
[2026-02-09T20:29:50.327Z] {"timestamp":1770668987622,"level":"LOG","args":["FBNavDomContentLoaded:1770668987374"],"stack":null}
[2026-02-09T20:29:50.327Z] {"timestamp":1770668987622,"level":"LOG","args":["FBNavAmpDetect:false"],"stack":null}
[2026-02-09T20:29:50.327Z] {"timestamp":1770668987663,"level":"LOG","args":["FBNavResponseStart:1770668986944"],"stack":null}
[2026-02-09T20:29:50.327Z] {"timestamp":1770668987663,"level":"LOG","args":["FBNavResponseEnd:1770668986986"],"stack":null}
[2026-02-09T20:29:50.327Z] {"timestamp":1770668987663,"level":"LOG","args":["FBNavDomContentLoaded:1770668987374"],"stack":null}
[2026-02-09T20:29:50.327Z] {"timestamp":1770668987663,"level":"LOG","args":["FBNavAmpDetect:false"],"stack":null}
[2026-02-09T20:29:50.327Z] {"timestamp":1770668987845,"level":"LOG","args":["FBNavLargestContentfulPaint:1770668987760"],"stack":null}
[2026-02-09T20:29:50.327Z] {"timestamp":1770668987845,"level":"LOG","args":["FBNavLargestContentfulPaint:1770668987760"],"stack":null}
[2026-02-09T20:29:50.327Z] {"timestamp":1770668987845,"level":"LOG","args":["FBNavLargestContentfulPaint:1770668987760"],"stack":null}
[2026-02-09T20:29:50.327Z] {"timestamp":1770668987845,"level":"LOG","args":["FBNavLargestContentfulPaint:1770668987760"],"stack":null}
[2026-02-09T20:29:50.327Z] {"timestamp":1770668987845,"level":"LOG","args":["FBNavLargestContentfulPaint:1770668987760"],"stack":null}
[2026-02-09T20:29:50.327Z] {"timestamp":1770668987845,"level":"LOG","args":["FBNavFirstContentfulPaint:1770668987784"],"stack":null}
[2026-02-09T20:29:50.327Z] {"timestamp":1770668987845,"level":"LOG","args":["FBNavFirstContentfulPaint:1770668987784"],"stack":null}
[2026-02-09T20:29:50.327Z] {"timestamp":1770668987845,"level":"LOG","args":["FBNavFirstContentfulPaint:1770668987784"],"stack":null}
[2026-02-09T20:29:50.327Z] {"timestamp":1770668987845,"level":"LOG","args":["FBNavFirstContentfulPaint:1770668987784"],"stack":null}
[2026-02-09T20:29:50.327Z] {"timestamp":1770668987846,"level":"LOG","args":["FBNavFirstContentfulPaint:1770668987784"],"stack":null}
[2026-02-09T20:29:50.327Z] {"timestamp":1770668987972,"level":"LOG","args":["FBNavResponseStart:1770668986944"],"stack":null}
[2026-02-09T20:29:50.327Z] {"timestamp":1770668987972,"level":"LOG","args":["FBNavResponseEnd:1770668986986"],"stack":null}
[2026-02-09T20:29:50.327Z] {"timestamp":1770668987972,"level":"LOG","args":["FBNavDomContentLoaded:1770668987374"],"stack":null}
[2026-02-09T20:29:50.327Z] {"timestamp":1770668987972,"level":"LOG","args":["FBNavLoadEventEnd:1770668987831"],"stack":null}
[2026-02-09T20:29:50.327Z] {"timestamp":1770668987972,"level":"LOG","args":["FBNavAmpDetect:false"],"stack":null}
[2026-02-09T20:29:50.327Z] {"timestamp":1770668987974,"level":"LOG","args":["FBNavFirstContentfulPaint:1770668987784"],"stack":null}
[2026-02-09T20:29:50.327Z] {"timestamp":1770668987974,"level":"LOG","args":["FBNavLargestContentfulPaint:1770668987760"],"stack":null}
[2026-02-09T20:29:50.327Z] {"timestamp":1770668987979,"level":"LOG","args":["FBNavResponseStart:1770668986944"],"stack":null}
[2026-02-09T20:29:50.327Z] {"timestamp":1770668987979,"level":"LOG","args":["FBNavResponseEnd:1770668986986"],"stack":null}
[2026-02-09T20:29:50.327Z] {"timestamp":1770668987979,"level":"LOG","args":["FBNavDomContentLoaded:1770668987374"],"stack":null}
[2026-02-09T20:29:50.327Z] {"timestamp":1770668987981,"level":"LOG","args":["FBNavLoadEventEnd:1770668987831"],"stack":null}
[2026-02-09T20:29:50.327Z] {"timestamp":1770668987981,"level":"LOG","args":["FBNavAmpDetect:false"],"stack":null}
[2026-02-09T20:29:50.327Z] {"timestamp":1770668987987,"level":"LOG","args":["FBNavFirstContentfulPaint:1770668987784"],"stack":null}
[2026-02-09T20:29:50.327Z] {"timestamp":1770668987987,"level":"LOG","args":["FBNavLargestContentfulPaint:1770668987760"],"stack":null}
[2026-02-09T20:29:50.327Z] {"timestamp":1770668988127,"level":"LOG","args":["text_and_dom: 2b8d591919cffdcf"],"stack":null}
[2026-02-09T20:29:50.327Z] {"timestamp":1770668988128,"level":"LOG","args":["text_only: 1a8d5119198ce98f"],"stack":null}
[2026-02-09T20:29:50.327Z] {"timestamp":1770668988128,"level":"LOG","args":["dom_only: 6739fb1b985fdfc7"],"stack":null}
[2026-02-09T20:29:50.327Z] {"timestamp":1770668988776,"level":"LOG","args":["FBNavINP:56"],"stack":null}
[2026-02-09T20:29:50.327Z] {"timestamp":1770668988814,"level":"LOG","args":["FBNavINP:64"],"stack":null}
[2026-02-09T20:29:50.327Z] {"timestamp":1770668988955,"level":"LOG","args":["FBNavINP:96"],"stack":null}
[2026-02-09T20:29:59.290Z] {"timestamp":1770668997274,"level":"DEBUG","args":["[Manus] Debug collector initialized (no rrweb, UI events only)"],"stack":null}
[2026-02-09T20:29:59.290Z] {"timestamp":1770668997277,"level":"DEBUG","args":["[vite] connected."],"stack":null}
[2026-02-09T20:31:46.012Z] {"timestamp":1770669103997,"level":"DEBUG","args":["[Manus] Debug collector initialized (no rrweb, UI events only)"],"stack":null}
[2026-02-09T20:31:46.012Z] {"timestamp":1770669103999,"level":"DEBUG","args":["[vite] connected."],"stack":null}
[2026-02-09T20:57:08.327Z] {"timestamp":1770670029785,"level":"LOG","args":["[vite] server connection lost. Polling for restart..."],"stack":null}
[2026-02-09T20:57:08.432Z] {"timestamp":1770670029788,"level":"LOG","args":["[vite] server connection lost. Polling for restart..."],"stack":null}
[2026-02-09T20:57:18.219Z] {"timestamp":1770670635451,"level":"DEBUG","args":["[Manus] Debug collector initialized (no rrweb, UI events only)"],"stack":null}
[2026-02-09T20:57:18.219Z] {"timestamp":1770670635478,"level":"DEBUG","args":["[vite] connected."],"stack":null}
[2026-02-09T20:57:18.219Z] {"timestamp":1770670635570,"level":"INFO","args":["%cDownload the React DevTools for a better development experience: https://react.dev/link/react-devtools","font-weight:bold"],"stack":null}
[2026-02-09T20:57:18.219Z] {"timestamp":1770670635615,"level":"LOG","args":["FBNavDomContentLoaded:1770670635615"],"stack":null}
[2026-02-09T20:57:18.219Z] {"timestamp":1770670635620,"level":"LOG","args":["FBNavResponseStart:1770670635323"],"stack":null}
[2026-02-09T20:57:18.219Z] {"timestamp":1770670635621,"level":"LOG","args":["FBNavResponseEnd:1770670635329"],"stack":null}
[2026-02-09T20:57:18.219Z] {"timestamp":1770670635621,"level":"LOG","args":["FBNavDomContentLoaded:1770670635615"],"stack":null}
[2026-02-09T20:57:18.219Z] {"timestamp":1770670635621,"level":"LOG","args":["FBNavAmpDetect:false"],"stack":null}
[2026-02-09T20:57:18.219Z] {"timestamp":1770670635847,"level":"LOG","args":["FBNavMaxLongtaskMs:54"],"stack":null}
[2026-02-09T20:57:18.219Z] {"timestamp":1770670635847,"level":"LOG","args":["FBNavMaxLongtaskMs:128"],"stack":null}
[2026-02-09T20:57:18.219Z] {"timestamp":1770670635848,"level":"LOG","args":["FBNavResponseStart:1770670635323"],"stack":null}
[2026-02-09T20:57:18.219Z] {"timestamp":1770670635848,"level":"LOG","args":["FBNavResponseEnd:1770670635329"],"stack":null}
[2026-02-09T20:57:18.219Z] {"timestamp":1770670635848,"level":"LOG","args":["FBNavDomContentLoaded:1770670635615"],"stack":null}
[2026-02-09T20:57:18.219Z] {"timestamp":1770670635848,"level":"LOG","args":["FBNavAmpDetect:false"],"stack":null}
[2026-02-09T20:57:18.219Z] {"timestamp":1770670635885,"level":"LOG","args":["FBNavResponseStart:1770670635323"],"stack":null}
[2026-02-09T20:57:18.219Z] {"timestamp":1770670635885,"level":"LOG","args":["FBNavResponseEnd:1770670635329"],"stack":null}
[2026-02-09T20:57:18.219Z] {"timestamp":1770670635885,"level":"LOG","args":["FBNavDomContentLoaded:1770670635615"],"stack":null}
[2026-02-09T20:57:18.219Z] {"timestamp":1770670635885,"level":"LOG","args":["FBNavAmpDetect:false"],"stack":null}
[2026-02-09T20:57:18.219Z] {"timestamp":1770670636033,"level":"LOG","args":["FBNavResponseStart:1770670635323"],"stack":null}
[2026-02-09T20:57:18.219Z] {"timestamp":1770670636033,"level":"LOG","args":["FBNavResponseEnd:1770670635329"],"stack":null}
[2026-02-09T20:57:18.219Z] {"timestamp":1770670636033,"level":"LOG","args":["FBNavDomContentLoaded:1770670635615"],"stack":null}
[2026-02-09T20:57:18.219Z] {"timestamp":1770670636033,"level":"LOG","args":["FBNavLoadEventEnd:1770670635957"],"stack":null}
[2026-02-09T20:57:18.219Z] {"timestamp":1770670636033,"level":"LOG","args":["FBNavAmpDetect:false"],"stack":null}
[2026-02-09T20:57:18.219Z] {"timestamp":1770670636034,"level":"LOG","args":["FBNavResponseStart:1770670635323"],"stack":null}
[2026-02-09T20:57:18.219Z] {"timestamp":1770670636034,"level":"LOG","args":["FBNavResponseEnd:1770670635329"],"stack":null}
[2026-02-09T20:57:18.219Z] {"timestamp":1770670636034,"level":"LOG","args":["FBNavDomContentLoaded:1770670635615"],"stack":null}
[2026-02-09T20:57:18.219Z] {"timestamp":1770670636034,"level":"LOG","args":["FBNavLoadEventEnd:1770670635957"],"stack":null}
[2026-02-09T20:57:18.219Z] {"timestamp":1770670636034,"level":"LOG","args":["FBNavAmpDetect:false"],"stack":null}
[2026-02-09T20:57:18.219Z] {"timestamp":1770670636164,"level":"LOG","args":["text_and_dom: 2b8d591919cffdcf"],"stack":null}
[2026-02-09T20:57:18.219Z] {"timestamp":1770670636165,"level":"LOG","args":["text_only: 1a8d5119198ce98f"],"stack":null}
[2026-02-09T20:57:18.219Z] {"timestamp":1770670636165,"level":"LOG","args":["dom_only: 6739fb1b985fdfc7"],"stack":null}
[2026-02-09T20:57:18.219Z] {"timestamp":1770670636168,"level":"LOG","args":["FBNavMaxLongtaskMs:129"],"stack":null}
[2026-02-09T20:57:18.219Z] {"timestamp":1770670636172,"level":"LOG","args":["FBNavFirstContentfulPaint:1770670635966"],"stack":null}
[2026-02-09T20:57:18.219Z] {"timestamp":1770670636172,"level":"LOG","args":["FBNavFirstContentfulPaint:1770670635966"],"stack":null}
[2026-02-09T20:57:18.219Z] {"timestamp":1770670636173,"level":"LOG","args":["FBNavFirstContentfulPaint:1770670635966"],"stack":null}
[2026-02-09T20:57:18.219Z] {"timestamp":1770670636173,"level":"LOG","args":["FBNavFirstContentfulPaint:1770670635966"],"stack":null}
[2026-02-09T20:57:18.219Z] {"timestamp":1770670636173,"level":"LOG","args":["FBNavFirstContentfulPaint:1770670635966"],"stack":null}
[2026-02-09T20:57:18.219Z] {"timestamp":1770670636173,"level":"LOG","args":["FBNavFirstContentfulPaint:1770670635966"],"stack":null}
[2026-02-09T20:57:18.219Z] {"timestamp":1770670636173,"level":"LOG","args":["FBNavLargestContentfulPaint:1770670636018"],"stack":null}
[2026-02-09T20:57:18.219Z] {"timestamp":1770670636173,"level":"LOG","args":["FBNavLargestContentfulPaint:1770670636018"],"stack":null}
[2026-02-09T20:57:18.219Z] {"timestamp":1770670636173,"level":"LOG","args":["FBNavLargestContentfulPaint:1770670636018"],"stack":null}
[2026-02-09T20:57:18.219Z] {"timestamp":1770670636173,"level":"LOG","args":["FBNavLargestContentfulPaint:1770670636018"],"stack":null}
[2026-02-09T20:57:18.219Z] {"timestamp":1770670636173,"level":"LOG","args":["FBNavLargestContentfulPaint:1770670636018"],"stack":null}
[2026-02-09T20:57:18.219Z] {"timestamp":1770670636173,"level":"LOG","args":["FBNavLargestContentfulPaint:1770670636018"],"stack":null}
[2026-02-09T20:57:28.968Z] {"timestamp":1770670646952,"level":"DEBUG","args":["[Manus] Debug collector initialized (no rrweb, UI events only)"],"stack":null}
[2026-02-09T20:57:28.968Z] {"timestamp":1770670646954,"level":"DEBUG","args":["[vite] connected."],"stack":null}
[2026-02-09T20:57:34.273Z] {"timestamp":1770670652136,"level":"DEBUG","args":["[Manus] Debug collector initialized (no rrweb, UI events only)"],"stack":null}
[2026-02-09T20:57:34.273Z] {"timestamp":1770670652139,"level":"DEBUG","args":["[vite] connected."],"stack":null}
[2026-02-09T20:57:45.775Z] {"timestamp":1770670663760,"level":"DEBUG","args":["[Manus] Debug collector initialized (no rrweb, UI events only)"],"stack":null}
[2026-02-09T20:57:45.775Z] {"timestamp":1770670663764,"level":"DEBUG","args":["[vite] connected."],"stack":null}
[2026-02-09T20:58:17.469Z] {"timestamp":1770670695691,"level":"DEBUG","args":["[Manus] Debug collector initialized (no rrweb, UI events only)"],"stack":null}
[2026-02-09T20:58:17.469Z] {"timestamp":1770670695727,"level":"DEBUG","args":["[vite] connected."],"stack":null}
[2026-02-09T20:58:43.390Z] {"timestamp":1770670721375,"level":"DEBUG","args":["[Manus] Debug collector initialized (no rrweb, UI events only)"],"stack":null}
[2026-02-09T20:58:43.390Z] {"timestamp":1770670721380,"level":"DEBUG","args":["[vite] connected."],"stack":null}
[2026-02-09T21:14:51.629Z] {"timestamp":1770671689324,"level":"DEBUG","args":["[Manus] Debug collector initialized (no rrweb, UI events only)"],"stack":null}
[2026-02-09T21:14:51.629Z] {"timestamp":1770671689355,"level":"DEBUG","args":["[vite] connected."],"stack":null}
[2026-02-09T21:14:51.629Z] {"timestamp":1770671689472,"level":"INFO","args":["%cDownload the React DevTools for a better development experience: https://react.dev/link/react-devtools","font-weight:bold"],"stack":null}
[2026-02-09T21:14:51.629Z] {"timestamp":1770671689530,"level":"LOG","args":["FBNavDomContentLoaded:1770671689529"],"stack":null}
[2026-02-09T21:14:51.629Z] {"timestamp":1770671689535,"level":"LOG","args":["FBNavResponseStart:1770671689082"],"stack":null}
[2026-02-09T21:14:51.629Z] {"timestamp":1770671689535,"level":"LOG","args":["FBNavResponseEnd:1770671689123"],"stack":null}
[2026-02-09T21:14:51.629Z] {"timestamp":1770671689535,"level":"LOG","args":["FBNavDomContentLoaded:1770671689529"],"stack":null}
[2026-02-09T21:14:51.629Z] {"timestamp":1770671689535,"level":"LOG","args":["FBNavAmpDetect:false"],"stack":null}
[2026-02-09T21:14:51.629Z] {"timestamp":1770671689625,"level":"LOG","args":["FBNavMaxLongtaskMs:63"],"stack":null}
[2026-02-09T21:14:51.629Z] {"timestamp":1770671689625,"level":"LOG","args":["FBNavMaxLongtaskMs:87"],"stack":null}
[2026-02-09T21:14:51.629Z] {"timestamp":1770671689824,"level":"LOG","args":["FBNavLargestContentfulPaint:1770671689816"],"stack":null}
[2026-02-09T21:14:51.629Z] {"timestamp":1770671689825,"level":"LOG","args":["FBNavLargestContentfulPaint:1770671689816"],"stack":null}
[2026-02-09T21:14:51.629Z] {"timestamp":1770671690007,"level":"LOG","args":["FBNavFirstContentfulPaint:1770671689996"],"stack":null}
[2026-02-09T21:14:51.629Z] {"timestamp":1770671690007,"level":"LOG","args":["FBNavFirstContentfulPaint:1770671689996"],"stack":null}
[2026-02-09T21:14:51.629Z] {"timestamp":1770671690335,"level":"LOG","args":["FBNavResponseStart:1770671689082"],"stack":null}
[2026-02-09T21:14:51.629Z] {"timestamp":1770671690336,"level":"LOG","args":["FBNavResponseEnd:1770671689123"],"stack":null}
[2026-02-09T21:14:51.629Z] {"timestamp":1770671690336,"level":"LOG","args":["FBNavDomContentLoaded:1770671689529"],"stack":null}
[2026-02-09T21:14:51.629Z] {"timestamp":1770671690336,"level":"LOG","args":["FBNavLoadEventEnd:1770671690181"],"stack":null}
[2026-02-09T21:14:51.629Z] {"timestamp":1770671690336,"level":"LOG","args":["FBNavAmpDetect:false"],"stack":null}
[2026-02-09T21:14:51.629Z] {"timestamp":1770671690337,"level":"LOG","args":["FBNavResponseStart:1770671689082"],"stack":null}
[2026-02-09T21:14:51.629Z] {"timestamp":1770671690338,"level":"LOG","args":["FBNavResponseEnd:1770671689123"],"stack":null}
[2026-02-09T21:14:51.629Z] {"timestamp":1770671690338,"level":"LOG","args":["FBNavDomContentLoaded:1770671689529"],"stack":null}
[2026-02-09T21:14:51.629Z] {"timestamp":1770671690338,"level":"LOG","args":["FBNavLoadEventEnd:1770671690181"],"stack":null}
[2026-02-09T21:14:51.629Z] {"timestamp":1770671690338,"level":"LOG","args":["FBNavAmpDetect:false"],"stack":null}
[2026-02-09T21:14:51.629Z] {"timestamp":1770671690339,"level":"LOG","args":["FBNavResponseStart:1770671689082"],"stack":null}
[2026-02-09T21:14:51.629Z] {"timestamp":1770671690340,"level":"LOG","args":["FBNavResponseEnd:1770671689123"],"stack":null}
[2026-02-09T21:14:51.629Z] {"timestamp":1770671690340,"level":"LOG","args":["FBNavDomContentLoaded:1770671689529"],"stack":null}
[2026-02-09T21:14:51.629Z] {"timestamp":1770671690340,"level":"LOG","args":["FBNavLoadEventEnd:1770671690181"],"stack":null}
[2026-02-09T21:14:51.629Z] {"timestamp":1770671690340,"level":"LOG","args":["FBNavAmpDetect:false"],"stack":null}
[2026-02-09T21:14:51.629Z] {"timestamp":1770671690340,"level":"LOG","args":["FBNavFirstContentfulPaint:1770671689996"],"stack":null}
[2026-02-09T21:14:51.629Z] {"timestamp":1770671690340,"level":"LOG","args":["FBNavLargestContentfulPaint:1770671689816"],"stack":null}
[2026-02-09T21:14:51.629Z] {"timestamp":1770671690340,"level":"LOG","args":["FBNavFirstContentfulPaint:1770671689996"],"stack":null}
[2026-02-09T21:14:51.629Z] {"timestamp":1770671690340,"level":"LOG","args":["FBNavLargestContentfulPaint:1770671689816"],"stack":null}
[2026-02-09T21:14:51.629Z] {"timestamp":1770671690340,"level":"LOG","args":["FBNavFirstContentfulPaint:1770671689996"],"stack":null}
[2026-02-09T21:14:51.629Z] {"timestamp":1770671690340,"level":"LOG","args":["FBNavLargestContentfulPaint:1770671689816"],"stack":null}
[2026-02-09T21:14:53.588Z] {"timestamp":1770671692463,"level":"LOG","args":["FBNavINP:56"],"stack":null}
[2026-02-09T21:14:53.588Z] {"timestamp":1770671692530,"level":"LOG","args":["FBNavINP:64"],"stack":null}
[2026-02-09T21:15:39.084Z] {"timestamp":1770671736009,"level":"DEBUG","args":["[Manus] Debug collector initialized (no rrweb, UI events only)"],"stack":null}
[2026-02-09T21:15:39.084Z] {"timestamp":1770671736032,"level":"DEBUG","args":["[vite] connected."],"stack":null}
[2026-02-09T21:15:39.084Z] {"timestamp":1770671736130,"level":"INFO","args":["%cDownload the React DevTools for a better development experience: https://react.dev/link/react-devtools","font-weight:bold"],"stack":null}
[2026-02-09T21:15:39.084Z] {"timestamp":1770671736178,"level":"LOG","args":["FBNavDomContentLoaded:1770671736178"],"stack":null}
[2026-02-09T21:15:39.084Z] {"timestamp":1770671736184,"level":"LOG","args":["FBNavResponseStart:1770671735806"],"stack":null}
[2026-02-09T21:15:39.084Z] {"timestamp":1770671736184,"level":"LOG","args":["FBNavResponseEnd:1770671735810"],"stack":null}
[2026-02-09T21:15:39.084Z] {"timestamp":1770671736184,"level":"LOG","args":["FBNavDomContentLoaded:1770671736178"],"stack":null}
[2026-02-09T21:15:39.084Z] {"timestamp":1770671736185,"level":"LOG","args":["FBNavAmpDetect:false"],"stack":null}
[2026-02-09T21:15:39.084Z] {"timestamp":1770671736381,"level":"LOG","args":["FBNavMaxLongtaskMs:58"],"stack":null}
[2026-02-09T21:15:39.084Z] {"timestamp":1770671736381,"level":"LOG","args":["FBNavMaxLongtaskMs:132"],"stack":null}
[2026-02-09T21:15:39.084Z] {"timestamp":1770671736382,"level":"LOG","args":["FBNavResponseStart:1770671735806"],"stack":null}
[2026-02-09T21:15:39.084Z] {"timestamp":1770671736382,"level":"LOG","args":["FBNavResponseEnd:1770671735810"],"stack":null}
[2026-02-09T21:15:39.084Z] {"timestamp":1770671736382,"level":"LOG","args":["FBNavDomContentLoaded:1770671736178"],"stack":null}
[2026-02-09T21:15:39.084Z] {"timestamp":1770671736382,"level":"LOG","args":["FBNavAmpDetect:false"],"stack":null}
[2026-02-09T21:15:39.084Z] {"timestamp":1770671736561,"level":"LOG","args":["FBNavResponseStart:1770671735806"],"stack":null}
[2026-02-09T21:15:39.084Z] {"timestamp":1770671736561,"level":"LOG","args":["FBNavResponseEnd:1770671735810"],"stack":null}
[2026-02-09T21:15:39.084Z] {"timestamp":1770671736562,"level":"LOG","args":["FBNavDomContentLoaded:1770671736178"],"stack":null}
[2026-02-09T21:15:39.084Z] {"timestamp":1770671736562,"level":"LOG","args":["FBNavLoadEventEnd:1770671736560"],"stack":null}
[2026-02-09T21:15:39.084Z] {"timestamp":1770671736562,"level":"LOG","args":["FBNavAmpDetect:false"],"stack":null}
[2026-02-09T21:15:39.084Z] {"timestamp":1770671736567,"level":"LOG","args":["FBNavResponseStart:1770671735806"],"stack":null}
[2026-02-09T21:15:39.084Z] {"timestamp":1770671736567,"level":"LOG","args":["FBNavResponseEnd:1770671735810"],"stack":null}
[2026-02-09T21:15:39.084Z] {"timestamp":1770671736567,"level":"LOG","args":["FBNavDomContentLoaded:1770671736178"],"stack":null}
[2026-02-09T21:15:39.084Z] {"timestamp":1770671736567,"level":"LOG","args":["FBNavLoadEventEnd:1770671736560"],"stack":null}
[2026-02-09T21:15:39.084Z] {"timestamp":1770671736567,"level":"LOG","args":["FBNavAmpDetect:false"],"stack":null}
[2026-02-09T21:15:39.084Z] {"timestamp":1770671736567,"level":"LOG","args":["FBNavFirstContentfulPaint:1770671736427"],"stack":null}
[2026-02-09T21:15:39.084Z] {"timestamp":1770671736567,"level":"LOG","args":["FBNavFirstContentfulPaint:1770671736427"],"stack":null}
[2026-02-09T21:15:39.084Z] {"timestamp":1770671736568,"level":"LOG","args":["FBNavFirstContentfulPaint:1770671736427"],"stack":null}
[2026-02-09T21:15:39.084Z] {"timestamp":1770671736568,"level":"LOG","args":["FBNavFirstContentfulPaint:1770671736427"],"stack":null}
[2026-02-09T21:15:39.084Z] {"timestamp":1770671736568,"level":"LOG","args":["FBNavFirstContentfulPaint:1770671736427"],"stack":null}
[2026-02-09T21:15:39.084Z] {"timestamp":1770671736571,"level":"LOG","args":["FBNavLargestContentfulPaint:1770671736503"],"stack":null}
[2026-02-09T21:15:39.084Z] {"timestamp":1770671736571,"level":"LOG","args":["FBNavLargestContentfulPaint:1770671736503"],"stack":null}
[2026-02-09T21:15:39.084Z] {"timestamp":1770671736571,"level":"LOG","args":["FBNavLargestContentfulPaint:1770671736503"],"stack":null}
[2026-02-09T21:15:39.084Z] {"timestamp":1770671736571,"level":"LOG","args":["FBNavLargestContentfulPaint:1770671736503"],"stack":null}
[2026-02-09T21:15:39.084Z] {"timestamp":1770671736571,"level":"LOG","args":["FBNavLargestContentfulPaint:1770671736503"],"stack":null}
[2026-02-09T21:15:39.084Z] {"timestamp":1770671736626,"level":"LOG","args":["FBNavResponseStart:1770671735806"],"stack":null}
[2026-02-09T21:15:39.084Z] {"timestamp":1770671736626,"level":"LOG","args":["FBNavResponseEnd:1770671735810"],"stack":null}
[2026-02-09T21:15:39.084Z] {"timestamp":1770671736626,"level":"LOG","args":["FBNavDomContentLoaded:1770671736178"],"stack":null}
[2026-02-09T21:15:39.084Z] {"timestamp":1770671736626,"level":"LOG","args":["FBNavLoadEventEnd:1770671736560"],"stack":null}
[2026-02-09T21:15:39.084Z] {"timestamp":1770671736626,"level":"LOG","args":["FBNavAmpDetect:false"],"stack":null}
[2026-02-09T21:15:39.084Z] {"timestamp":1770671736626,"level":"LOG","args":["FBNavFirstContentfulPaint:1770671736427"],"stack":null}
[2026-02-09T21:15:39.084Z] {"timestamp":1770671736626,"level":"LOG","args":["FBNavLargestContentfulPaint:1770671736503"],"stack":null}
[2026-02-09T21:15:39.085Z] {"timestamp":1770671736785,"level":"LOG","args":["text_and_dom: 2b8d591919cffdcf"],"stack":null}
[2026-02-09T21:15:39.085Z] {"timestamp":1770671736785,"level":"LOG","args":["text_only: 1a8d5119198ce98f"],"stack":null}
[2026-02-09T21:15:39.085Z] {"timestamp":1770671736785,"level":"LOG","args":["dom_only: 6739fb1b985fdfc7"],"stack":null}
[2026-02-09T21:15:39.085Z] {"timestamp":1770671736787,"level":"LOG","args":["FBNavMaxLongtaskMs:149"],"stack":null}
[2026-02-09T21:16:28.743Z] {"timestamp":1770671785395,"level":"DEBUG","args":["[Manus] Debug collector initialized (no rrweb, UI events only)"],"stack":null}
[2026-02-09T21:16:28.743Z] {"timestamp":1770671785418,"level":"DEBUG","args":["[vite] connected."],"stack":null}
[2026-02-09T21:16:28.743Z] {"timestamp":1770671785516,"level":"INFO","args":["%cDownload the React DevTools for a better development experience: https://react.dev/link/react-devtools","font-weight:bold"],"stack":null}
[2026-02-09T21:16:28.743Z] {"timestamp":1770671785558,"level":"LOG","args":["FBNavDomContentLoaded:1770671785558"],"stack":null}
[2026-02-09T21:16:28.743Z] {"timestamp":1770671785562,"level":"LOG","args":["FBNavResponseStart:1770671785086"],"stack":null}
[2026-02-09T21:16:28.743Z] {"timestamp":1770671785562,"level":"LOG","args":["FBNavResponseEnd:1770671785088"],"stack":null}
[2026-02-09T21:16:28.743Z] {"timestamp":1770671785563,"level":"LOG","args":["FBNavDomContentLoaded:1770671785558"],"stack":null}
[2026-02-09T21:16:28.743Z] {"timestamp":1770671785563,"level":"LOG","args":["FBNavAmpDetect:false"],"stack":null}
[2026-02-09T21:16:28.743Z] {"timestamp":1770671785733,"level":"LOG","args":["FBNavMaxLongtaskMs:52"],"stack":null}
[2026-02-09T21:16:28.743Z] {"timestamp":1770671785733,"level":"LOG","args":["FBNavMaxLongtaskMs:106"],"stack":null}
[2026-02-09T21:16:28.743Z] {"timestamp":1770671785734,"level":"LOG","args":["FBNavResponseStart:1770671785086"],"stack":null}
[2026-02-09T21:16:28.743Z] {"timestamp":1770671785734,"level":"LOG","args":["FBNavResponseEnd:1770671785088"],"stack":null}
[2026-02-09T21:16:28.743Z] {"timestamp":1770671785734,"level":"LOG","args":["FBNavDomContentLoaded:1770671785558"],"stack":null}
[2026-02-09T21:16:28.743Z] {"timestamp":1770671785735,"level":"LOG","args":["FBNavAmpDetect:false"],"stack":null}
[2026-02-09T21:16:28.743Z] {"timestamp":1770671785827,"level":"LOG","args":["FBNavResponseStart:1770671785086"],"stack":null}
[2026-02-09T21:16:28.743Z] {"timestamp":1770671785827,"level":"LOG","args":["FBNavResponseEnd:1770671785088"],"stack":null}
[2026-02-09T21:16:28.743Z] {"timestamp":1770671785827,"level":"LOG","args":["FBNavDomContentLoaded:1770671785558"],"stack":null}
[2026-02-09T21:16:28.743Z] {"timestamp":1770671785827,"level":"LOG","args":["FBNavLoadEventEnd:1770671785775"],"stack":null}
[2026-02-09T21:16:28.743Z] {"timestamp":1770671785827,"level":"LOG","args":["FBNavAmpDetect:false"],"stack":null}
[2026-02-09T21:16:28.743Z] {"timestamp":1770671785827,"level":"LOG","args":["FBNavResponseStart:1770671785086"],"stack":null}
[2026-02-09T21:16:28.743Z] {"timestamp":1770671785827,"level":"LOG","args":["FBNavResponseEnd:1770671785088"],"stack":null}
[2026-02-09T21:16:28.743Z] {"timestamp":1770671785827,"level":"LOG","args":["FBNavDomContentLoaded:1770671785558"],"stack":null}
[2026-02-09T21:16:28.743Z] {"timestamp":1770671785827,"level":"LOG","args":["FBNavLoadEventEnd:1770671785775"],"stack":null}
[2026-02-09T21:16:28.743Z] {"timestamp":1770671785827,"level":"LOG","args":["FBNavAmpDetect:false"],"stack":null}
[2026-02-09T21:16:28.743Z] {"timestamp":1770671785956,"level":"LOG","args":["text_and_dom: 2b8d591919cffdcf"],"stack":null}
[2026-02-09T21:16:28.743Z] {"timestamp":1770671785956,"level":"LOG","args":["text_only: 1a8d5119198ce98f"],"stack":null}
[2026-02-09T21:16:28.743Z] {"timestamp":1770671785956,"level":"LOG","args":["dom_only: 6739fb1b985fdfc7"],"stack":null}
[2026-02-09T21:16:28.743Z] {"timestamp":1770671785961,"level":"LOG","args":["FBNavFirstContentfulPaint:1770671785772"],"stack":null}
[2026-02-09T21:16:28.743Z] {"timestamp":1770671785961,"level":"LOG","args":["FBNavFirstContentfulPaint:1770671785772"],"stack":null}
[2026-02-09T21:16:28.743Z] {"timestamp":1770671785961,"level":"LOG","args":["FBNavMaxLongtaskMs:125"],"stack":null}
[2026-02-09T21:16:28.743Z] {"timestamp":1770671785961,"level":"LOG","args":["FBNavFirstContentfulPaint:1770671785772"],"stack":null}
[2026-02-09T21:16:28.743Z] {"timestamp":1770671785961,"level":"LOG","args":["FBNavFirstContentfulPaint:1770671785772"],"stack":null}
[2026-02-09T21:16:28.743Z] {"timestamp":1770671785961,"level":"LOG","args":["FBNavFirstContentfulPaint:1770671785772"],"stack":null}
[2026-02-09T21:16:28.743Z] {"timestamp":1770671785966,"level":"LOG","args":["FBNavLargestContentfulPaint:1770671785840"],"stack":null}
[2026-02-09T21:16:28.743Z] {"timestamp":1770671785966,"level":"LOG","args":["FBNavLargestContentfulPaint:1770671785840"],"stack":null}
[2026-02-09T21:16:28.743Z] {"timestamp":1770671785966,"level":"LOG","args":["FBNavLargestContentfulPaint:1770671785840"],"stack":null}
[2026-02-09T21:16:28.743Z] {"timestamp":1770671785966,"level":"LOG","args":["FBNavLargestContentfulPaint:1770671785840"],"stack":null}
[2026-02-09T21:16:28.743Z] {"timestamp":1770671785966,"level":"LOG","args":["FBNavLargestContentfulPaint:1770671785840"],"stack":null}
[2026-02-09T21:16:28.743Z] {"timestamp":1770671786447,"level":"LOG","args":["FBNavINP:64"],"stack":null}
[2026-02-09T21:16:51.752Z] {"timestamp":1770671808994,"level":"DEBUG","args":["[Manus] Debug collector initialized (no rrweb, UI events only)"],"stack":null}
[2026-02-09T21:16:51.752Z] {"timestamp":1770671808994,"level":"LOG","args":["FBNavResponseStart:1770671808712"],"stack":null}
[2026-02-09T21:16:51.752Z] {"timestamp":1770671808994,"level":"LOG","args":["FBNavResponseEnd:1770671808713"],"stack":null}
[2026-02-09T21:16:51.752Z] {"timestamp":1770671808994,"level":"LOG","args":["FBNavAmpDetect:false"],"stack":null}
[2026-02-09T21:16:51.752Z] {"timestamp":1770671809012,"level":"DEBUG","args":["[vite] connected."],"stack":null}
[2026-02-09T21:16:51.752Z] {"timestamp":1770671809107,"level":"INFO","args":["%cDownload the React DevTools for a better development experience: https://react.dev/link/react-devtools","font-weight:bold"],"stack":null}
[2026-02-09T21:16:51.752Z] {"timestamp":1770671809155,"level":"LOG","args":["FBNavDomContentLoaded:1770671809155"],"stack":null}
[2026-02-09T21:16:51.752Z] {"timestamp":1770671809155,"level":"LOG","args":["FBNavDomContentLoaded:1770671809155"],"stack":null}
[2026-02-09T21:16:51.752Z] {"timestamp":1770671809161,"level":"LOG","args":["FBNavResponseStart:1770671808712"],"stack":null}
[2026-02-09T21:16:51.752Z] {"timestamp":1770671809161,"level":"LOG","args":["FBNavResponseEnd:1770671808713"],"stack":null}
[2026-02-09T21:16:51.752Z] {"timestamp":1770671809161,"level":"LOG","args":["FBNavDomContentLoaded:1770671809155"],"stack":null}
[2026-02-09T21:16:51.752Z] {"timestamp":1770671809161,"level":"LOG","args":["FBNavAmpDetect:false"],"stack":null}
[2026-02-09T21:16:51.752Z] {"timestamp":1770671809330,"level":"LOG","args":["FBNavMaxLongtaskMs:57"],"stack":null}
[2026-02-09T21:16:51.752Z] {"timestamp":1770671809330,"level":"LOG","args":["FBNavMaxLongtaskMs:109"],"stack":null}
[2026-02-09T21:16:51.752Z] {"timestamp":1770671809330,"level":"LOG","args":["FBNavResponseStart:1770671808712"],"stack":null}
[2026-02-09T21:16:51.752Z] {"timestamp":1770671809330,"level":"LOG","args":["FBNavResponseEnd:1770671808713"],"stack":null}
[2026-02-09T21:16:51.752Z] {"timestamp":1770671809330,"level":"LOG","args":["FBNavDomContentLoaded:1770671809155"],"stack":null}
[2026-02-09T21:16:51.752Z] {"timestamp":1770671809330,"level":"LOG","args":["FBNavAmpDetect:false"],"stack":null}
[2026-02-09T21:16:51.752Z] {"timestamp":1770671809435,"level":"LOG","args":["FBNavResponseStart:1770671808712"],"stack":null}
[2026-02-09T21:16:51.752Z] {"timestamp":1770671809436,"level":"LOG","args":["FBNavResponseEnd:1770671808713"],"stack":null}
[2026-02-09T21:16:51.752Z] {"timestamp":1770671809436,"level":"LOG","args":["FBNavDomContentLoaded:1770671809155"],"stack":null}
[2026-02-09T21:16:51.752Z] {"timestamp":1770671809436,"level":"LOG","args":["FBNavLoadEventEnd:1770671809371"],"stack":null}
[2026-02-09T21:16:51.752Z] {"timestamp":1770671809436,"level":"LOG","args":["FBNavAmpDetect:false"],"stack":null}
[2026-02-09T21:16:51.752Z] {"timestamp":1770671809436,"level":"LOG","args":["FBNavResponseStart:1770671808712"],"stack":null}
[2026-02-09T21:16:51.752Z] {"timestamp":1770671809436,"level":"LOG","args":["FBNavResponseEnd:1770671808713"],"stack":null}
[2026-02-09T21:16:51.752Z] {"timestamp":1770671809436,"level":"LOG","args":["FBNavDomContentLoaded:1770671809155"],"stack":null}
[2026-02-09T21:16:51.752Z] {"timestamp":1770671809436,"level":"LOG","args":["FBNavLoadEventEnd:1770671809371"],"stack":null}
[2026-02-09T21:16:51.752Z] {"timestamp":1770671809436,"level":"LOG","args":["FBNavAmpDetect:false"],"stack":null}
[2026-02-09T21:16:51.752Z] {"timestamp":1770671809568,"level":"LOG","args":["text_and_dom: 2b8d591919cffdcf"],"stack":null}
[2026-02-09T21:16:51.752Z] {"timestamp":1770671809568,"level":"LOG","args":["text_only: 1a8d5119198ce98f"],"stack":null}
[2026-02-09T21:16:51.752Z] {"timestamp":1770671809568,"level":"LOG","args":["dom_only: 6739fb1b985fdfc7"],"stack":null}
[2026-02-09T21:16:51.752Z] {"timestamp":1770671809572,"level":"LOG","args":["FBNavMaxLongtaskMs:130"],"stack":null}
[2026-02-09T21:16:51.752Z] {"timestamp":1770671809576,"level":"LOG","args":["FBNavFirstContentfulPaint:1770671809359"],"stack":null}
[2026-02-09T21:16:51.752Z] {"timestamp":1770671809576,"level":"LOG","args":["FBNavFirstContentfulPaint:1770671809359"],"stack":null}
[2026-02-09T21:16:51.752Z] {"timestamp":1770671809576,"level":"LOG","args":["FBNavFirstContentfulPaint:1770671809359"],"stack":null}
[2026-02-09T21:16:51.752Z] {"timestamp":1770671809576,"level":"LOG","args":["FBNavFirstContentfulPaint:1770671809359"],"stack":null}
[2026-02-09T21:16:51.752Z] {"timestamp":1770671809576,"level":"LOG","args":["FBNavFirstContentfulPaint:1770671809359"],"stack":null}
[2026-02-09T21:16:51.752Z] {"timestamp":1770671809576,"level":"LOG","args":["FBNavFirstContentfulPaint:1770671809359"],"stack":null}
[2026-02-09T21:16:51.752Z] {"timestamp":1770671809577,"level":"LOG","args":["FBNavLargestContentfulPaint:1770671809431"],"stack":null}
[2026-02-09T21:16:51.752Z] {"timestamp":1770671809577,"level":"LOG","args":["FBNavLargestContentfulPaint:1770671809431"],"stack":null}
[2026-02-09T21:16:51.752Z] {"timestamp":1770671809577,"level":"LOG","args":["FBNavLargestContentfulPaint:1770671809431"],"stack":null}
[2026-02-09T21:16:51.752Z] {"timestamp":1770671809577,"level":"LOG","args":["FBNavLargestContentfulPaint:1770671809431"],"stack":null}
[2026-02-09T21:16:51.752Z] {"timestamp":1770671809577,"level":"LOG","args":["FBNavLargestContentfulPaint:1770671809431"],"stack":null}
[2026-02-09T21:16:51.752Z] {"timestamp":1770671809577,"level":"LOG","args":["FBNavLargestContentfulPaint:1770671809431"],"stack":null}
[2026-02-09T21:16:51.752Z] {"timestamp":1770671810233,"level":"LOG","args":["FBNavINP:64"],"stack":null}
[2026-02-09T21:16:51.752Z] {"timestamp":1770671810256,"level":"LOG","args":["FBNavINP:72"],"stack":null}
[2026-02-09T21:19:35.201Z] {"timestamp":1770671884059,"level":"LOG","args":["[vite] server connection lost. Polling for restart..."],"stack":null}
[2026-02-09T21:19:50.524Z] {"timestamp":1770671988509,"level":"DEBUG","args":["[Manus] Debug collector initialized (no rrweb, UI events only)"],"stack":null}
[2026-02-09T21:19:50.524Z] {"timestamp":1770671988513,"level":"DEBUG","args":["[vite] connected."],"stack":null}
[2026-02-09T21:26:20.376Z] {"timestamp":1770672377397,"level":"DEBUG","args":["[Manus] Debug collector initialized (no rrweb, UI events only)"],"stack":null}
[2026-02-09T21:26:20.376Z] {"timestamp":1770672377399,"level":"LOG","args":["FBNavResponseStart:1770672376857"],"stack":null}
[2026-02-09T21:26:20.376Z] {"timestamp":1770672377399,"level":"LOG","args":["FBNavResponseEnd:1770672376867"],"stack":null}
[2026-02-09T21:26:20.376Z] {"timestamp":1770672377399,"level":"LOG","args":["FBNavAmpDetect:false"],"stack":null}
[2026-02-09T21:26:20.376Z] {"timestamp":1770672377413,"level":"DEBUG","args":["[vite] connected."],"stack":null}
[2026-02-09T21:26:20.376Z] {"timestamp":1770672377501,"level":"INFO","args":["%cDownload the React DevTools for a better development experience: https://react.dev/link/react-devtools","font-weight:bold"],"stack":null}
[2026-02-09T21:26:20.376Z] {"timestamp":1770672377541,"level":"LOG","args":["FBNavDomContentLoaded:1770672377541"],"stack":null}
[2026-02-09T21:26:20.376Z] {"timestamp":1770672377541,"level":"LOG","args":["FBNavDomContentLoaded:1770672377541"],"stack":null}
[2026-02-09T21:26:20.376Z] {"timestamp":1770672377541,"level":"LOG","args":["FBNavDomContentLoaded:1770672377541"],"stack":null}
[2026-02-09T21:26:20.376Z] {"timestamp":1770672377546,"level":"LOG","args":["FBNavResponseStart:1770672376857"],"stack":null}
[2026-02-09T21:26:20.376Z] {"timestamp":1770672377546,"level":"LOG","args":["FBNavResponseEnd:1770672376867"],"stack":null}
[2026-02-09T21:26:20.376Z] {"timestamp":1770672377546,"level":"LOG","args":["FBNavDomContentLoaded:1770672377541"],"stack":null}
[2026-02-09T21:26:20.376Z] {"timestamp":1770672377546,"level":"LOG","args":["FBNavAmpDetect:false"],"stack":null}
[2026-02-09T21:26:20.376Z] {"timestamp":1770672377730,"level":"LOG","args":["FBNavMaxLongtaskMs:111"],"stack":null}
[2026-02-09T21:26:20.376Z] {"timestamp":1770672377731,"level":"LOG","args":["FBNavResponseStart:1770672376857"],"stack":null}
[2026-02-09T21:26:20.376Z] {"timestamp":1770672377731,"level":"LOG","args":["FBNavResponseEnd:1770672376867"],"stack":null}
[2026-02-09T21:26:20.376Z] {"timestamp":1770672377731,"level":"LOG","args":["FBNavDomContentLoaded:1770672377541"],"stack":null}
[2026-02-09T21:26:20.376Z] {"timestamp":1770672377731,"level":"LOG","args":["FBNavAmpDetect:false"],"stack":null}
[2026-02-09T21:26:20.376Z] {"timestamp":1770672377828,"level":"LOG","args":["FBNavResponseStart:1770672376857"],"stack":null}
[2026-02-09T21:26:20.376Z] {"timestamp":1770672377828,"level":"LOG","args":["FBNavResponseEnd:1770672376867"],"stack":null}
[2026-02-09T21:26:20.376Z] {"timestamp":1770672377828,"level":"LOG","args":["FBNavDomContentLoaded:1770672377541"],"stack":null}
[2026-02-09T21:26:20.376Z] {"timestamp":1770672377828,"level":"LOG","args":["FBNavLoadEventEnd:1770672377770"],"stack":null}
[2026-02-09T21:26:20.376Z] {"timestamp":1770672377828,"level":"LOG","args":["FBNavAmpDetect:false"],"stack":null}
[2026-02-09T21:26:20.376Z] {"timestamp":1770672377828,"level":"LOG","args":["FBNavResponseStart:1770672376857"],"stack":null}
[2026-02-09T21:26:20.376Z] {"timestamp":1770672377828,"level":"LOG","args":["FBNavResponseEnd:1770672376867"],"stack":null}
[2026-02-09T21:26:20.376Z] {"timestamp":1770672377828,"level":"LOG","args":["FBNavDomContentLoaded:1770672377541"],"stack":null}
[2026-02-09T21:26:20.376Z] {"timestamp":1770672377828,"level":"LOG","args":["FBNavLoadEventEnd:1770672377770"],"stack":null}
[2026-02-09T21:26:20.376Z] {"timestamp":1770672377828,"level":"LOG","args":["FBNavAmpDetect:false"],"stack":null}
[2026-02-09T21:26:20.376Z] {"timestamp":1770672377965,"level":"LOG","args":["text_and_dom: 2b8d591919cffdcf"],"stack":null}
[2026-02-09T21:26:20.376Z] {"timestamp":1770672377965,"level":"LOG","args":["text_only: 1a8d5119198ce98f"],"stack":null}
[2026-02-09T21:26:20.376Z] {"timestamp":1770672377965,"level":"LOG","args":["dom_only: 6739fb1b985fdfc7"],"stack":null}
[2026-02-09T21:26:20.376Z] {"timestamp":1770672377970,"level":"LOG","args":["FBNavFirstContentfulPaint:1770672377794"],"stack":null}
[2026-02-09T21:26:20.376Z] {"timestamp":1770672377970,"level":"LOG","args":["FBNavFirstContentfulPaint:1770672377794"],"stack":null}
[2026-02-09T21:26:20.376Z] {"timestamp":1770672377970,"level":"LOG","args":["FBNavMaxLongtaskMs:135"],"stack":null}
[2026-02-09T21:26:20.376Z] {"timestamp":1770672377970,"level":"LOG","args":["FBNavFirstContentfulPaint:1770672377794"],"stack":null}
[2026-02-09T21:26:20.376Z] {"timestamp":1770672377970,"level":"LOG","args":["FBNavFirstContentfulPaint:1770672377794"],"stack":null}
[2026-02-09T21:26:20.376Z] {"timestamp":1770672377970,"level":"LOG","args":["FBNavFirstContentfulPaint:1770672377794"],"stack":null}
[2026-02-09T21:26:20.376Z] {"timestamp":1770672377971,"level":"LOG","args":["FBNavFirstContentfulPaint:1770672377794"],"stack":null}
[2026-02-09T21:26:20.376Z] {"timestamp":1770672377971,"level":"LOG","args":["FBNavFirstContentfulPaint:1770672377794"],"stack":null}
[2026-02-09T21:26:20.376Z] {"timestamp":1770672377976,"level":"LOG","args":["FBNavLargestContentfulPaint:1770672377874"],"stack":null}
[2026-02-09T21:26:20.376Z] {"timestamp":1770672377976,"level":"LOG","args":["FBNavLargestContentfulPaint:1770672377874"],"stack":null}
[2026-02-09T21:26:20.376Z] {"timestamp":1770672377976,"level":"LOG","args":["FBNavLargestContentfulPaint:1770672377874"],"stack":null}
[2026-02-09T21:26:20.376Z] {"timestamp":1770672377976,"level":"LOG","args":["FBNavLargestContentfulPaint:1770672377874"],"stack":null}
[2026-02-09T21:26:20.376Z] {"timestamp":1770672377976,"level":"LOG","args":["FBNavLargestContentfulPaint:1770672377874"],"stack":null}
[2026-02-09T21:26:20.376Z] {"timestamp":1770672377976,"level":"LOG","args":["FBNavLargestContentfulPaint:1770672377874"],"stack":null}
[2026-02-09T21:26:20.376Z] {"timestamp":1770672377976,"level":"LOG","args":["FBNavLargestContentfulPaint:1770672377874"],"stack":null}
[2026-02-10T04:36:51.300Z] {"timestamp":1770673951197,"level":"LOG","args":["[vite] server connection lost. Polling for restart..."],"stack":null}
[2026-02-10T04:37:18.535Z] {"timestamp":1770698236526,"level":"DEBUG","args":["[Manus] Debug collector initialized (no rrweb, UI events only)"],"stack":null}
[2026-02-10T04:37:18.535Z] {"timestamp":1770698236530,"level":"DEBUG","args":["[vite] connected."],"stack":null}
[2026-02-10T04:42:21.747Z] {"timestamp":1770698539007,"level":"DEBUG","args":["[Manus] Debug collector initialized (no rrweb, UI events only)"],"stack":null}
[2026-02-10T04:42:21.747Z] {"timestamp":1770698539067,"level":"DEBUG","args":["[vite] connected."],"stack":null}
[2026-02-10T04:42:21.747Z] {"timestamp":1770698539274,"level":"INFO","args":["%cDownload the React DevTools for a better development experience: https://react.dev/link/react-devtools","font-weight:bold"],"stack":null}
[2026-02-10T04:42:21.747Z] {"timestamp":1770698539315,"level":"LOG","args":["FBNavDomContentLoaded:1770698539315"],"stack":null}
[2026-02-10T04:42:21.747Z] {"timestamp":1770698539320,"level":"LOG","args":["FBNavResponseStart:1770698538453"],"stack":null}
[2026-02-10T04:42:21.747Z] {"timestamp":1770698539320,"level":"LOG","args":["FBNavResponseEnd:1770698538460"],"stack":null}
[2026-02-10T04:42:21.747Z] {"timestamp":1770698539320,"level":"LOG","args":["FBNavDomContentLoaded:1770698539315"],"stack":null}
[2026-02-10T04:42:21.747Z] {"timestamp":1770698539320,"level":"LOG","args":["FBNavAmpDetect:false"],"stack":null}
[2026-02-10T04:42:21.747Z] {"timestamp":1770698539502,"level":"LOG","args":["FBNavMaxLongtaskMs:110"],"stack":null}
[2026-02-10T04:42:21.747Z] {"timestamp":1770698539604,"level":"LOG","args":["FBNavLargestContentfulPaint:1770698539601"],"stack":null}
[2026-02-10T04:42:21.747Z] {"timestamp":1770698539604,"level":"LOG","args":["FBNavLargestContentfulPaint:1770698539601"],"stack":null}
[2026-02-10T04:42:21.747Z] {"timestamp":1770698539634,"level":"LOG","args":["FBNavResponseStart:1770698538453"],"stack":null}
[2026-02-10T04:42:21.747Z] {"timestamp":1770698539635,"level":"LOG","args":["FBNavResponseEnd:1770698538460"],"stack":null}
[2026-02-10T04:42:21.747Z] {"timestamp":1770698539635,"level":"LOG","args":["FBNavDomContentLoaded:1770698539315"],"stack":null}
[2026-02-10T04:42:21.747Z] {"timestamp":1770698539635,"level":"LOG","args":["FBNavLoadEventEnd:1770698539540"],"stack":null}
[2026-02-10T04:42:21.747Z] {"timestamp":1770698539635,"level":"LOG","args":["FBNavAmpDetect:false"],"stack":null}
[2026-02-10T04:42:21.747Z] {"timestamp":1770698539635,"level":"LOG","args":["FBNavResponseStart:1770698538453"],"stack":null}
[2026-02-10T04:42:21.747Z] {"timestamp":1770698539635,"level":"LOG","args":["FBNavResponseEnd:1770698538460"],"stack":null}
[2026-02-10T04:42:21.747Z] {"timestamp":1770698539635,"level":"LOG","args":["FBNavDomContentLoaded:1770698539315"],"stack":null}
[2026-02-10T04:42:21.747Z] {"timestamp":1770698539635,"level":"LOG","args":["FBNavLoadEventEnd:1770698539540"],"stack":null}
[2026-02-10T04:42:21.747Z] {"timestamp":1770698539635,"level":"LOG","args":["FBNavAmpDetect:false"],"stack":null}
[2026-02-10T04:42:21.747Z] {"timestamp":1770698539636,"level":"LOG","args":["FBNavFirstContentfulPaint:1770698539621"],"stack":null}
[2026-02-10T04:42:21.747Z] {"timestamp":1770698539636,"level":"LOG","args":["FBNavFirstContentfulPaint:1770698539621"],"stack":null}
[2026-02-10T04:42:21.747Z] {"timestamp":1770698539636,"level":"LOG","args":["FBNavFirstContentfulPaint:1770698539621"],"stack":null}
[2026-02-10T04:42:21.747Z] {"timestamp":1770698539636,"level":"LOG","args":["FBNavLargestContentfulPaint:1770698539601"],"stack":null}
[2026-02-10T04:42:21.747Z] {"timestamp":1770698539636,"level":"LOG","args":["FBNavFirstContentfulPaint:1770698539621"],"stack":null}
[2026-02-10T04:42:21.747Z] {"timestamp":1770698539636,"level":"LOG","args":["FBNavLargestContentfulPaint:1770698539601"],"stack":null}
[2026-02-10T04:42:21.747Z] {"timestamp":1770698539785,"level":"LOG","args":["text_and_dom: 2b8d591919cffdcf"],"stack":null}
[2026-02-10T04:42:21.747Z] {"timestamp":1770698539785,"level":"LOG","args":["text_only: 1a8d5119198ce98f"],"stack":null}
[2026-02-10T04:42:21.747Z] {"timestamp":1770698539785,"level":"LOG","args":["dom_only: 6739fb1b985fdfc7"],"stack":null}
[2026-02-10T04:42:21.747Z] {"timestamp":1770698539789,"level":"LOG","args":["FBNavMaxLongtaskMs:147"],"stack":null}
[2026-02-10T04:42:21.747Z] {"timestamp":1770698540448,"level":"LOG","args":["FBNavINP:56"],"stack":null}
[2026-02-10T04:42:21.747Z] {"timestamp":1770698540484,"level":"LOG","args":["FBNavINP:72"],"stack":null}
[2026-02-10T16:10:27.504Z] {"timestamp":1770699157272,"level":"LOG","args":["[vite] server connection lost. Polling for restart..."],"stack":null}
[2026-03-15T20:17:59.738Z] {"timestamp":1773605877731,"level":"DEBUG","args":["[Manus] Debug collector initialized (no rrweb, UI events only)"],"stack":null}
[2026-03-15T20:17:59.738Z] {"timestamp":1773605877765,"level":"DEBUG","args":["[vite] connected."],"stack":null}
[2026-03-16T04:04:34.341Z] {"timestamp":1773614305920,"level":"LOG","args":["[vite] server connection lost. Polling for restart..."],"stack":null}
[2026-03-16T21:54:12.201Z] {"timestamp":1773698050197,"level":"DEBUG","args":["[Manus] Debug collector initialized (no rrweb, UI events only)"],"stack":null}
[2026-03-16T21:54:12.201Z] {"timestamp":1773698050240,"level":"DEBUG","args":["[vite] connected."],"stack":null}
[2026-03-16T21:56:23.595Z] {"timestamp":1773698181577,"level":"DEBUG","args":["[Manus] Debug collector initialized (no rrweb, UI events only)"],"stack":null}
[2026-03-16T21:56:23.595Z] {"timestamp":1773698181580,"level":"DEBUG","args":["[vite] connected."],"stack":null}
[2026-03-16T21:57:12.394Z] {"timestamp":1773698230375,"level":"DEBUG","args":["[Manus] Debug collector initialized (no rrweb, UI events only)"],"stack":null}
[2026-03-16T21:57:12.394Z] {"timestamp":1773698230390,"level":"DEBUG","args":["[vite] connected."],"stack":null}
[2026-03-16T21:57:47.014Z] {"timestamp":1773698265001,"level":"DEBUG","args":["[Manus] Debug collector initialized (no rrweb, UI events only)"],"stack":null}
[2026-03-16T21:57:47.015Z] {"timestamp":1773698265007,"level":"DEBUG","args":["[vite] connected."],"stack":null}
[2026-03-16T21:58:13.670Z] {"timestamp":1773698291653,"level":"DEBUG","args":["[Manus] Debug collector initialized (no rrweb, UI events only)"],"stack":null}
[2026-03-16T21:58:13.670Z] {"timestamp":1773698291658,"level":"DEBUG","args":["[vite] connected."],"stack":null}
[2026-03-16T22:11:13.186Z] {"timestamp":1773699071170,"level":"DEBUG","args":["[Manus] Debug collector initialized (no rrweb, UI events only)"],"stack":null}
[2026-03-16T22:11:13.186Z] {"timestamp":1773699071203,"level":"DEBUG","args":["[vite] connected."],"stack":null}
[2026-03-16T22:14:19.549Z] {"timestamp":1773699257533,"level":"DEBUG","args":["[Manus] Debug collector initialized (no rrweb, UI events only)"],"stack":null}
[2026-03-16T22:14:19.549Z] {"timestamp":1773699257539,"level":"DEBUG","args":["[vite] connected."],"stack":null}
[2026-03-16T22:15:07.428Z] {"timestamp":1773699305412,"level":"DEBUG","args":["[Manus] Debug collector initialized (no rrweb, UI events only)"],"stack":null}
[2026-03-16T22:15:07.428Z] {"timestamp":1773699305415,"level":"DEBUG","args":["[vite] connected."],"stack":null}
[2026-03-16T22:16:13.524Z] {"timestamp":1773699371512,"level":"DEBUG","args":["[Manus] Debug collector initialized (no rrweb, UI events only)"],"stack":null}
[2026-03-16T22:16:13.524Z] {"timestamp":1773699371544,"level":"DEBUG","args":["[vite] connected."],"stack":null}
[2026-03-16T22:18:13.574Z] {"timestamp":1773699491555,"level":"DEBUG","args":["[Manus] Debug collector initialized (no rrweb, UI events only)"],"stack":null}
[2026-03-16T22:18:13.574Z] {"timestamp":1773699491559,"level":"DEBUG","args":["[vite] connected."],"stack":null}
[2026-03-16T22:20:18.262Z] {"timestamp":1773699616251,"level":"DEBUG","args":["[Manus] Debug collector initialized (no rrweb, UI events only)"],"stack":null}
[2026-03-16T22:20:18.262Z] {"timestamp":1773699616279,"level":"DEBUG","args":["[vite] connected."],"stack":null}
[2026-03-29T19:43:57.431Z] {"timestamp":1774813435415,"level":"DEBUG","args":["[Manus] Debug collector initialized (no rrweb, UI events only)"],"stack":null}
[2026-03-29T19:43:57.431Z] {"timestamp":1774813435437,"level":"DEBUG","args":["[vite] connected."],"stack":null}
[2026-03-29T19:49:49.180Z] {"timestamp":1774813763487,"level":"DEBUG","args":["[vite]","hot updated: /src/pages/Home.tsx"],"stack":null}
[2026-03-29T19:49:49.180Z] {"timestamp":1774813763487,"level":"DEBUG","args":["[vite]","hot updated: /src/index.css"],"stack":null}
[2026-03-29T19:49:49.180Z] {"timestamp":1774813765485,"level":"ERROR","args":["[vite]","Failed to reload /src/pages/Home.tsx. This could be due to syntax errors or importing non-existent modules. (see errors above)"],"stack":"Error\n    at console.<computed> [as error] (http://localhost:3000/__manus__/debug-collector.js:391:37)\n    at Object.error (http://localhost:3000/@vite/client:809:26)\n    at HMRClient.warnFailedUpdate (http://localhost:3000/@vite/client:181:15)\n    at HMRClient.fetchUpdate (http://localhost:3000/@vite/client:212:10)\n    at async Promise.all (index 0)\n    at async HMRClient.queueUpdate (http://localhost:3000/@vite/client:196:5)\n    at async Promise.all (index 0)\n    at async handleMessage (http://localhost:3000/@vite/client:838:4)"}
[2026-03-29T19:49:49.180Z] {"timestamp":1774813765597,"level":"DEBUG","args":["[vite]","hot updated: /src/pages/Home.tsx"],"stack":null}
[2026-03-29T19:49:49.180Z] {"timestamp":1774813765597,"level":"DEBUG","args":["[vite]","hot updated: /src/index.css"],"stack":null}
[2026-03-29T19:50:49.168Z] {"timestamp":1774813798707,"level":"ERROR","args":["[vite]","Failed to reload /src/pages/Home.tsx. This could be due to syntax errors or importing non-existent modules. (see errors above)"],"stack":"Error\n    at console.<computed> [as error] (http://localhost:3000/__manus__/debug-collector.js:391:37)\n    at Object.error (http://localhost:3000/@vite/client:809:26)\n    at HMRClient.warnFailedUpdate (http://localhost:3000/@vite/client:181:15)\n    at HMRClient.fetchUpdate (http://localhost:3000/@vite/client:212:10)\n    at async Promise.all (index 0)\n    at async HMRClient.queueUpdate (http://localhost:3000/@vite/client:196:5)\n    at async Promise.all (index 0)\n    at async handleMessage (http://localhost:3000/@vite/client:838:4)"}
[2026-03-29T19:50:49.168Z] {"timestamp":1774813798779,"level":"DEBUG","args":["[vite]","hot updated: /src/pages/Home.tsx"],"stack":null}
[2026-03-29T19:50:49.168Z] {"timestamp":1774813798779,"level":"DEBUG","args":["[vite]","hot updated: /src/index.css"],"stack":null}
[2026-03-29T19:50:49.168Z] {"timestamp":1774813799874,"level":"ERROR","args":["[vite]","Failed to reload /src/pages/Home.tsx. This could be due to syntax errors or importing non-existent modules. (see errors above)"],"stack":"Error\n    at console.<computed> [as error] (http://localhost:3000/__manus__/debug-collector.js:391:37)\n    at Object.error (http://localhost:3000/@vite/client:809:26)\n    at HMRClient.warnFailedUpdate (http://localhost:3000/@vite/client:181:15)\n    at HMRClient.fetchUpdate (http://localhost:3000/@vite/client:212:10)\n    at async Promise.all (index 0)\n    at async HMRClient.queueUpdate (http://localhost:3000/@vite/client:196:5)\n    at async Promise.all (index 0)\n    at async handleMessage (http://localhost:3000/@vite/client:838:4)"}
[2026-03-29T19:50:49.168Z] {"timestamp":1774813799967,"level":"DEBUG","args":["[vite]","hot updated: /src/pages/Home.tsx"],"stack":null}
[2026-03-29T19:50:49.168Z] {"timestamp":1774813799967,"level":"DEBUG","args":["[vite]","hot updated: /src/index.css"],"stack":null}
[2026-03-29T19:50:49.168Z] {"timestamp":1774813803352,"level":"ERROR","args":["[vite]","Failed to reload /src/pages/Home.tsx. This could be due to syntax errors or importing non-existent modules. (see errors above)"],"stack":"Error\n    at console.<computed> [as error] (http://localhost:3000/__manus__/debug-collector.js:391:37)\n    at Object.error (http://localhost:3000/@vite/client:809:26)\n    at HMRClient.warnFailedUpdate (http://localhost:3000/@vite/client:181:15)\n    at HMRClient.fetchUpdate (http://localhost:3000/@vite/client:212:10)\n    at async Promise.all (index 0)\n    at async HMRClient.queueUpdate (http://localhost:3000/@vite/client:196:5)\n    at async Promise.all (index 0)\n    at async handleMessage (http://localhost:3000/@vite/client:838:4)"}
[2026-03-29T19:50:49.168Z] {"timestamp":1774813803411,"level":"DEBUG","args":["[vite]","hot updated: /src/pages/Home.tsx"],"stack":null}
[2026-03-29T19:50:49.168Z] {"timestamp":1774813803411,"level":"DEBUG","args":["[vite]","hot updated: /src/index.css"],"stack":null}
[2026-03-29T19:50:49.168Z] {"timestamp":1774813818046,"level":"ERROR","args":["[vite]","Failed to reload /src/pages/Home.tsx. This could be due to syntax errors or importing non-existent modules. (see errors above)"],"stack":"Error\n    at console.<computed> [as error] (http://localhost:3000/__manus__/debug-collector.js:391:37)\n    at Object.error (http://localhost:3000/@vite/client:809:26)\n    at HMRClient.warnFailedUpdate (http://localhost:3000/@vite/client:181:15)\n    at HMRClient.fetchUpdate (http://localhost:3000/@vite/client:212:10)\n    at async Promise.all (index 0)\n    at async HMRClient.queueUpdate (http://localhost:3000/@vite/client:196:5)\n    at async Promise.all (index 0)\n    at async handleMessage (http://localhost:3000/@vite/client:838:4)"}
[2026-03-29T19:50:49.168Z] {"timestamp":1774813818101,"level":"DEBUG","args":["[vite]","hot updated: /src/pages/Home.tsx"],"stack":null}
[2026-03-29T19:50:49.168Z] {"timestamp":1774813818101,"level":"DEBUG","args":["[vite]","hot updated: /src/index.css"],"stack":null}
[2026-03-29T19:50:49.168Z] {"timestamp":1774813824471,"level":"ERROR","args":["[vite]","Failed to reload /src/pages/Home.tsx. This could be due to syntax errors or importing non-existent modules. (see errors above)"],"stack":"Error\n    at console.<computed> [as error] (http://localhost:3000/__manus__/debug-collector.js:391:37)\n    at Object.error (http://localhost:3000/@vite/client:809:26)\n    at HMRClient.warnFailedUpdate (http://localhost:3000/@vite/client:181:15)\n    at HMRClient.fetchUpdate (http://localhost:3000/@vite/client:212:10)\n    at async Promise.all (index 0)\n    at async HMRClient.queueUpdate (http://localhost:3000/@vite/client:196:5)\n    at async Promise.all (index 0)\n    at async handleMessage (http://localhost:3000/@vite/client:838:4)"}
[2026-03-29T19:50:49.168Z] {"timestamp":1774813824532,"level":"DEBUG","args":["[vite]","hot updated: /src/pages/Home.tsx"],"stack":null}
[2026-03-29T19:50:49.168Z] {"timestamp":1774813824532,"level":"DEBUG","args":["[vite]","hot updated: /src/index.css"],"stack":null}
[2026-03-29T19:50:49.168Z] {"timestamp":1774813826672,"level":"DEBUG","args":["[vite]","hot updated: /src/pages/Home.tsx"],"stack":null}
[2026-03-29T19:50:49.168Z] {"timestamp":1774813826672,"level":"DEBUG","args":["[vite]","hot updated: /src/index.css"],"stack":null}
[2026-03-29T19:50:49.168Z] {"timestamp":1774813833567,"level":"DEBUG","args":["[vite]","hot updated: /src/pages/Home.tsx"],"stack":null}
[2026-03-29T19:50:49.168Z] {"timestamp":1774813833567,"level":"DEBUG","args":["[vite]","hot updated: /src/index.css"],"stack":null}
[2026-03-29T19:50:49.168Z] {"timestamp":1774813848074,"level":"DEBUG","args":["[vite]","hot updated: /src/pages/Home.tsx"],"stack":null}
[2026-03-29T19:50:49.168Z] {"timestamp":1774813848074,"level":"DEBUG","args":["[vite]","hot updated: /src/index.css"],"stack":null}
[2026-03-29T19:51:49.177Z] {"timestamp":1774813849413,"level":"ERROR","args":["[vite]","Failed to reload /src/pages/Home.tsx. This could be due to syntax errors or importing non-existent modules. (see errors above)"],"stack":"Error\n    at console.<computed> [as error] (http://localhost:3000/__manus__/debug-collector.js:391:37)\n    at Object.error (http://localhost:3000/@vite/client:809:26)\n    at HMRClient.warnFailedUpdate (http://localhost:3000/@vite/client:181:15)\n    at HMRClient.fetchUpdate (http://localhost:3000/@vite/client:212:10)\n    at async Promise.all (index 0)\n    at async HMRClient.queueUpdate (http://localhost:3000/@vite/client:196:5)\n    at async Promise.all (index 0)\n    at async handleMessage (http://localhost:3000/@vite/client:838:4)"}
[2026-03-29T19:51:49.177Z] {"timestamp":1774813849465,"level":"DEBUG","args":["[vite]","hot updated: /src/pages/Home.tsx"],"stack":null}
[2026-03-29T19:51:49.177Z] {"timestamp":1774813849466,"level":"DEBUG","args":["[vite]","hot updated: /src/index.css"],"stack":null}
[2026-03-29T19:51:49.177Z] {"timestamp":1774813862708,"level":"ERROR","args":["[vite]","Failed to reload /src/pages/Home.tsx. This could be due to syntax errors or importing non-existent modules. (see errors above)"],"stack":"Error\n    at console.<computed> [as error] (http://localhost:3000/__manus__/debug-collector.js:391:37)\n    at Object.error (http://localhost:3000/@vite/client:809:26)\n    at HMRClient.warnFailedUpdate (http://localhost:3000/@vite/client:181:15)\n    at HMRClient.fetchUpdate (http://localhost:3000/@vite/client:212:10)\n    at async Promise.all (index 0)\n    at async HMRClient.queueUpdate (http://localhost:3000/@vite/client:196:5)\n    at async Promise.all (index 0)\n    at async handleMessage (http://localhost:3000/@vite/client:838:4)"}
[2026-03-29T19:51:49.177Z] {"timestamp":1774813862778,"level":"DEBUG","args":["[vite]","hot updated: /src/pages/Home.tsx"],"stack":null}
[2026-03-29T19:51:49.177Z] {"timestamp":1774813862778,"level":"DEBUG","args":["[vite]","hot updated: /src/index.css"],"stack":null}
[2026-03-29T19:51:49.177Z] {"timestamp":1774813864974,"level":"ERROR","args":["[vite]","Failed to reload /src/pages/Home.tsx. This could be due to syntax errors or importing non-existent modules. (see errors above)"],"stack":"Error\n    at console.<computed> [as error] (http://localhost:3000/__manus__/debug-collector.js:391:37)\n    at Object.error (http://localhost:3000/@vite/client:809:26)\n    at HMRClient.warnFailedUpdate (http://localhost:3000/@vite/client:181:15)\n    at HMRClient.fetchUpdate (http://localhost:3000/@vite/client:212:10)\n    at async Promise.all (index 0)\n    at async HMRClient.queueUpdate (http://localhost:3000/@vite/client:196:5)\n    at async Promise.all (index 0)\n    at async handleMessage (http://localhost:3000/@vite/client:838:4)"}
[2026-03-29T19:51:49.177Z] {"timestamp":1774813865042,"level":"DEBUG","args":["[vite]","hot updated: /src/pages/Home.tsx"],"stack":null}
[2026-03-29T19:51:49.177Z] {"timestamp":1774813865042,"level":"DEBUG","args":["[vite]","hot updated: /src/index.css"],"stack":null}
[2026-03-29T19:51:49.177Z] {"timestamp":1774813889402,"level":"ERROR","args":["[vite]","Failed to reload /src/pages/Home.tsx. This could be due to syntax errors or importing non-existent modules. (see errors above)"],"stack":"Error\n    at console.<computed> [as error] (http://localhost:3000/__manus__/debug-collector.js:391:37)\n    at Object.error (http://localhost:3000/@vite/client:809:26)\n    at HMRClient.warnFailedUpdate (http://localhost:3000/@vite/client:181:15)\n    at HMRClient.fetchUpdate (http://localhost:3000/@vite/client:212:10)\n    at async Promise.all (index 0)\n    at async HMRClient.queueUpdate (http://localhost:3000/@vite/client:196:5)\n    at async Promise.all (index 0)\n    at async handleMessage (http://localhost:3000/@vite/client:838:4)"}
[2026-03-29T19:51:49.177Z] {"timestamp":1774813889455,"level":"DEBUG","args":["[vite]","hot updated: /src/pages/Home.tsx"],"stack":null}
[2026-03-29T19:51:49.177Z] {"timestamp":1774813889455,"level":"DEBUG","args":["[vite]","hot updated: /src/index.css"],"stack":null}
[2026-03-29T19:51:49.177Z] {"timestamp":1774813905632,"level":"ERROR","args":["[vite]","Failed to reload /src/pages/Home.tsx. This could be due to syntax errors or importing non-existent modules. (see errors above)"],"stack":"Error\n    at console.<computed> [as error] (http://localhost:3000/__manus__/debug-collector.js:391:37)\n    at Object.error (http://localhost:3000/@vite/client:809:26)\n    at HMRClient.warnFailedUpdate (http://localhost:3000/@vite/client:181:15)\n    at HMRClient.fetchUpdate (http://localhost:3000/@vite/client:212:10)\n    at async Promise.all (index 0)\n    at async HMRClient.queueUpdate (http://localhost:3000/@vite/client:196:5)\n    at async Promise.all (index 0)\n    at async handleMessage (http://localhost:3000/@vite/client:838:4)"}
[2026-03-29T19:51:49.177Z] {"timestamp":1774813905689,"level":"DEBUG","args":["[vite]","hot updated: /src/pages/Home.tsx"],"stack":null}
[2026-03-29T19:51:49.177Z] {"timestamp":1774813905689,"level":"DEBUG","args":["[vite]","hot updated: /src/index.css"],"stack":null}
[2026-03-29T19:52:25.672Z] {"timestamp":1774813924586,"level":"ERROR","args":["[vite]","Failed to reload /src/pages/Home.tsx. This could be due to syntax errors or importing non-existent modules. (see errors above)"],"stack":"Error\n    at console.<computed> [as error] (http://localhost:3000/__manus__/debug-collector.js:391:37)\n    at Object.error (http://localhost:3000/@vite/client:809:26)\n    at HMRClient.warnFailedUpdate (http://localhost:3000/@vite/client:181:15)\n    at HMRClient.fetchUpdate (http://localhost:3000/@vite/client:212:10)\n    at async Promise.all (index 0)\n    at async HMRClient.queueUpdate (http://localhost:3000/@vite/client:196:5)\n    at async Promise.all (index 0)\n    at async handleMessage (http://localhost:3000/@vite/client:838:4)"}
[2026-03-29T19:52:25.672Z] {"timestamp":1774813924654,"level":"DEBUG","args":["[vite]","hot updated: /src/pages/Home.tsx"],"stack":null}
[2026-03-29T19:52:25.672Z] {"timestamp":1774813924654,"level":"DEBUG","args":["[vite]","hot updated: /src/index.css"],"stack":null}
[2026-03-29T19:52:25.672Z] {"timestamp":1774813931390,"level":"DEBUG","args":["[vite]","hot updated: /src/pages/Home.tsx"],"stack":null}
[2026-03-29T19:52:25.672Z] {"timestamp":1774813931390,"level":"DEBUG","args":["[vite]","hot updated: /src/index.css"],"stack":null}
[2026-03-29T19:52:25.672Z] {"timestamp":1774813938966,"level":"DEBUG","args":["[vite]","hot updated: /src/pages/Home.tsx"],"stack":null}
[2026-03-29T19:52:25.672Z] {"timestamp":1774813938966,"level":"DEBUG","args":["[vite]","hot updated: /src/index.css"],"stack":null}
[2026-03-29T19:52:30.144Z] {"timestamp":1774813948127,"level":"DEBUG","args":["[Manus] Debug collector initialized (no rrweb, UI events only)"],"stack":null}
[2026-03-29T19:52:30.144Z] {"timestamp":1774813948135,"level":"DEBUG","args":["[vite] connected."],"stack":null}
[2026-03-29T20:03:41.504Z] {"timestamp":1774814618773,"level":"DEBUG","args":["[vite]","hot updated: /src/pages/Home.tsx"],"stack":null}
[2026-03-29T20:03:41.504Z] {"timestamp":1774814618774,"level":"DEBUG","args":["[vite]","hot updated: /src/index.css"],"stack":null}
